{
  "resourceType": "Patient",
  "id": "PacienteCL",
  "meta": {
    "profile": [
      "https://hl7chile.cl/fhir/ig/CoreCL/StructureDefinition/CorePacienteCl"
    ]
  },
  "text": {
    "status": "generated",
    "div": "<div xmlns=\"http://www.w3.org/1999/xhtml\"><p><b>Xime </b> female, DoB: 1983-03-24 ( Chile: 15.236.327-k (OFFICIAL))</p></div>"
  },
  "identifier": [
    {
      "use": "official",
      "type": {
        "extension": [
          {
            "url": "https://hl7chile.cl/fhir/ig/CoreCL/StructureDefinition/CodigoPaises",
            "valueCodeableConcept": {
              "coding": [
                {
                  "system": "urn:iso:std:iso:3166",
                  "code": "152",
                  "display": "Chile"
                }
              ]
            }
          }
        ],
        "coding": [
          {
            "system": "https://hl7chile.cl/fhir/ig/CoreCL/CodeSystem/CSCodigoDNI",
            "code": "NNCHL",
            "display": "Chile"
          }
        ]
      },
      "system": "http://regcivil.cl/Validacion/RUN",
      "value": "15.236.327-k"
    }
  ],
  "active": true,
  "name": [
    {
      "use": "official",
      "family": "Rosales",
      "_family": {
        "extension": [
          {
            "url": "http://hl7.org/fhir/StructureDefinition/humanname-mothers-family",
            "valueString": "Bosh"
          }
        ]
      },
      "given": [
        "Marietta",
        "María",
        "Ximena"
      ]
    },
    {
      "use": "usual",
      "given": [
        "Xime"
      ]
    }
  ],
  "telecom": [
    {
      "system": "phone",
      "value": "943561833",
      "use": "mobile"
    },
    {
      "system": "email",
      "value": "mariRosal@mimail.com",
      "use": "work"
    }
  ],
  "gender": "female",
  "birthDate": "1983-03-24",
  "address": [
    {
      "use": "home",
      "line": [
        "Av Los Chirimoyos, 32, casa 4"
      ],
      "city": "05101",
      "district": "051",
      "state": "05",
      "country": "152"
    }
  ]
}