{
  "resourceType": "Patient",
  "id": "PacienteCl-5",
  "meta": {
    "versionId": "2",
    "lastUpdated": "2021-07-13T00:22:41.166Z",
    "profile": [
      "https://hl7chile.cl/fhir/ig/CoreCL/StructureDefinition/CorePacienteCl"
    ]
  },
  "text": {
    "status": "generated",
    "div": "<div xmlns=\"http://www.w3.org/1999/xhtml\"><p><b>JuanJo </b> male, DoB: 1980-08-04 ( Passport Number: P102145874 (OFFICIAL))</p></div>"
  },
  "extension": [
    {
      "url": "https://hl7chile.cl/fhir/ig/CoreCL/StructureDefinition/CodigoPaises",
      "valueCodeableConcept": {
        "coding": [
          {
            "system": "urn:iso:std:iso:3166",
            "code": "152",
            "display": "Chile"
          }
        ]
      }
    }
  ],
  "identifier": [
    {
      "use": "official",
      "type": {
        "extension": [
          {
            "url": "https://hl7chile.cl/fhir/ig/CoreCL/StructureDefinition/CodigoPaises",
            "valueCodeableConcept": {
              "coding": [
                {
                  "system": "urn:iso:std:iso:3166",
                  "code": "152",
                  "display": "Chile"
                }
              ]
            }
          }
        ],
        "coding": [
          {
            "system": "http://terminology.hl7.org/CodeSystem/v2-0203",
            "code": "PPN",
            "display": "Passport Number"
          }
        ]
      },
      "system": "http://regcivil.cl/Validacion/Passport",
      "value": "P102145874"
    }
  ],
  "active": true,
  "name": [
    {
      "use": "official",
      "family": "Ortega",
      "_family": {
        "extension": [
          {
            "url": "http://hl7.org/fhir/StructureDefinition/humanname-mothers-family",
            "valueString": "Callejas"
          }
        ]
      },
      "given": [
        "Juan",
        "José"
      ]
    },
    {
      "use": "usual",
      "given": [
        "JuanJo"
      ]
    }
  ],
  "telecom": [
    {
      "system": "email",
      "value": "juan@jo.cl",
      "use": "home"
    }
  ],
  "gender": "male",
  "birthDate": "1980-08-04",
  "address": [
    {
      "use": "home",
      "city": "Ñuñoa",
      "_city": {
        "extension": [
          {
            "url": "https://hl7chile.cl/fhir/ig/CoreCL/StructureDefinition/ComunasCl",
            "valueCode": "13120"
          }
        ]
      },
      "district": "Santiago",
      "_district": {
        "extension": [
          {
            "url": "https://hl7chile.cl/fhir/ig/CoreCL/StructureDefinition/ProvinciasCl",
            "valueCode": "131"
          }
        ]
      },
      "state": "Metropolitana de Santiago",
      "_state": {
        "extension": [
          {
            "url": "https://hl7chile.cl/fhir/ig/CoreCL/StructureDefinition/RegionesCl",
            "valueCode": "13"
          }
        ]
      },
      "country": "Chile",
      "_country": {
        "extension": [
          {
            "url": "https://hl7chile.cl/fhir/ig/CoreCL/StructureDefinition/CodigoPaises",
            "valueCodeableConcept": {
              "coding": [
                {
                  "system": "urn:iso:std:iso:3166",
                  "code": "152"
                }
              ]
            }
          }
        ]
      }
    }
  ],
  "contact": [
    {
      "extension": [
        {
          "extension": [
            {
              "url": "tutId",
              "valueIdentifier": {
                "type": {
                  "coding": [
                    {
                      "system": "https://hl7chile.cl/fhir/ig/CoreCL/CodeSystem/CSCodigoDNI",
                      "code": "NNCHL",
                      "display": "Chile"
                    }
                  ]
                },
                "system": "http://regcivil.cl/Validacion/RUN",
                "value": "8987321-7"
              }
            },
            {
              "url": "docProc",
              "valueCodeableConcept": {
                "coding": [
                  {
                    "system": "urn:iso:std:iso:3166",
                    "code": "152",
                    "display": "Chile"
                  }
                ]
              }
            }
          ],
          "url": "https://hl7chile.cl/fhir/ig/CoreCL/StructureDefinition/IdContacto"
        }
      ],
      "relationship": [
        {
          "coding": [
            {
              "system": "http://terminology.hl7.org/CodeSystem/v2-0131",
              "code": "N",
              "display": "Next-of-Kin"
            }
          ]
        }
      ],
      "name": {
        "use": "official",
        "family": "Calleja",
        "_family": {
          "extension": [
            {
              "url": "http://hl7.org/fhir/StructureDefinition/humanname-mothers-family",
              "valueString": "Morales"
            }
          ]
        },
        "given": [
          "Juana",
          "Josefa"
        ]
      }
    }
  ]
}