<?xml version="1.0" encoding="UTF-8"?>

<CodeSystem xmlns="http://hl7.org/fhir">
  <id value="CSRazonNOT"/>
  <text>
    <status value="generated"/><div xmlns="http://www.w3.org/1999/xhtml"><p>This code system https://hl7chile.cl/fhir/ig/CoreCL/CodeSystem/CSRazonNOT defines the following codes:</p><table class="codes"><tr><td style="white-space:nowrap"><b>Code</b></td><td><b>Display</b></td></tr><tr><td style="white-space:nowrap">pierdeLlam<a name="CSRazonNOT-pierdeLlam"> </a></td><td>El participante pierde la llamada</td></tr><tr><td style="white-space:nowrap">finaLlam<a name="CSRazonNOT-finaLlam"> </a></td><td>El participante finalizó la llamada abruptamente</td></tr><tr><td style="white-space:nowrap">problConex<a name="CSRazonNOT-problConex"> </a></td><td>El participante tuvo problemas de conexión a internet</td></tr><tr><td style="white-space:nowrap">medproblConex<a name="CSRazonNOT-medproblConex"> </a></td><td>Tuve problemas de conexión a internet</td></tr><tr><td style="white-space:nowrap">otros<a name="CSRazonNOT-otros"> </a></td><td>Otros / texto libre</td></tr></table></div>
  </text>
  <url value="https://hl7chile.cl/fhir/ig/CoreCL/CodeSystem/CSRazonNOT"/>
  <version value="1.7.0"/>
  <name value="CSRazonNOencuentroCL"/>
  <title value="Razones Cancelación Atención Remota"/>
  <status value="active"/>
  <date value="2022-05-22T00:00:00-03:00"/>
  <publisher value="HL7 Chile"/>
  <contact>
    <name value="HL7 Chile"/>
    <telecom>
      <system value="url"/>
      <value value="http://hl7chile.cl"/>
    </telecom>
    <telecom>
      <system value="email"/>
      <value value="chair@hl7chile.cl"/>
    </telecom>
  </contact>
  <description value="Códigos de las razones por la cual un encuentro remoto no pudo realizarse según indicaciones del Ministerio de Salud"/>
  <jurisdiction>
    <coding>
      <system value="urn:iso:std:iso:3166"/>
      <code value="CL"/>
      <display value="Chile"/>
    </coding>
  </jurisdiction>
  <copyright value="Usado con el permiso de HL7 International, todos los derechos resevados en los Licencias de HL7 Internacional."/>
  <content value="complete"/>
  <count value="5"/>
  <concept>
    <code value="pierdeLlam"/>
    <display value="El participante pierde la llamada"/>
  </concept>
  <concept>
    <code value="finaLlam"/>
    <display value="El participante finalizó la llamada abruptamente"/>
  </concept>
  <concept>
    <code value="problConex"/>
    <display value="El participante tuvo problemas de conexión a internet"/>
  </concept>
  <concept>
    <code value="medproblConex"/>
    <display value="Tuve problemas de conexión a internet"/>
  </concept>
  <concept>
    <code value="otros"/>
    <display value="Otros / texto libre"/>
  </concept>
</CodeSystem>