<?xml version="1.0" encoding="UTF-8"?>

<ValueSet xmlns="http://hl7.org/fhir">
  <id value="VSRazonNOT"/>
  <text>
    <status value="generated"/><div xmlns="http://www.w3.org/1999/xhtml"><ul><li>Include all codes defined in <a href="CodeSystem-csrazonnoencuentro.html"><code>https://hl7chile.cl/fhir/ig/CoreCL/CodeSystem/csrazonnoencuentro</code></a></li></ul></div>
  </text>
  <url value="https://hl7chile.cl/fhir/ig/CoreCL/ValueSet/VSRazonNOT"/>
  <version value="1.7.0"/>
  <name value="VSRazonNOencuentro"/>
  <title value="Razones no Atención Remota"/>
  <status value="active"/>
  <date value="2022-05-22T00:00:00-03:00"/>
  <publisher value="HL7 Chile"/>
  <contact>
    <name value="HL7 Chile"/>
    <telecom>
      <system value="url"/>
      <value value="http://hl7chile.cl"/>
    </telecom>
    <telecom>
      <system value="email"/>
      <value value="chair@hl7chile.cl"/>
    </telecom>
  </contact>
  <description value="Razones por la que no se lleva a cabo un encuentro remoto según CodeSystem local"/>
  <jurisdiction>
    <coding>
      <system value="urn:iso:std:iso:3166"/>
      <code value="CL"/>
      <display value="Chile"/>
    </coding>
  </jurisdiction>
  <copyright value="Usado con el permiso de HL7 International, todos los derechos resevados en los Licencias de HL7 Internacional."/>
  <compose>
    <include>
      <system value="https://hl7chile.cl/fhir/ig/CoreCL/CodeSystem/csrazonnoencuentro"/>
    </include>
  </compose>
</ValueSet>