<?xml version="1.0" encoding="UTF-8"?>

<ImplementationGuide xmlns="http://hl7.org/fhir">
  <id value="hl7.fhir.cl.CoreCH"/>
  <text>
    <status value="extensions"/><div xmlns="http://www.w3.org/1999/xhtml"><h2>CoreCL</h2><p>The official URL for this implementation guide is: </p><pre>https://hl7chile.cl/fhir/ig/CoreCL/ImplementationGuide/hl7.fhir.cl.CoreCH</pre><div><p>Guía de Implementación para los perfiles Core que se van a requerir a nivel de desarrollo Nacional para Sistemas que Intercambien datos en estandar FHIR-R4</p>
</div></div>
  </text>
  <url value="https://hl7chile.cl/fhir/ig/CoreCL/ImplementationGuide/hl7.fhir.cl.CoreCH"/>
  <version value="1.0.0"/>
  <name value="CoreCL"/>
  <title value="Guía de Implementación Core-CL FHIR R4 (Standard Trial For Use (STU))"/>
  <status value="active"/>
  <date value="2022-01"/>
  <publisher value="HL7 Chile"/>
  <contact>
    <name value="HL7 Chile"/>
    <telecom>
      <system value="url"/>
      <value value="http://hl7chile.cl"/>
    </telecom>
    <telecom>
      <system value="email"/>
      <value value="chair@hl7chile.cl"/>
    </telecom>
  </contact>
  <description value="Guía de Implementación para los perfiles Core que se van a requerir a nivel de desarrollo Nacional para Sistemas que Intercambien datos en estandar FHIR-R4"/>
  <jurisdiction>
    <coding>
      <system value="urn:iso:std:iso:3166"/>
      <code value="CL"/>
      <display value="Chile"/>
    </coding>
  </jurisdiction>
  <copyright value="Usado con el permiso de HL7 International, todos los derechos resevados en los Licencias de HL7 Internacional."/>
  <packageId value="hl7.fhir.cl.CoreCH"/>
  <license value="CC0-1.0"/>
  <fhirVersion value="4.0.1"/>
  <definition>
    <extension url="http://hl7.org/fhir/tools/StructureDefinition/ig-parameter">
      <extension url="code">
        <valueString value="copyrightyear"/>
      </extension>
      <extension url="value">
        <valueString value="2021+"/>
      </extension>
    </extension>
    <extension url="http://hl7.org/fhir/tools/StructureDefinition/ig-parameter">
      <extension url="code">
        <valueString value="releaselabel"/>
      </extension>
      <extension url="value">
        <valueString value="CI Build"/>
      </extension>
    </extension>
    <extension url="http://hl7.org/fhir/tools/StructureDefinition/ig-parameter">
      <extension url="code">
        <valueString value="apply-publisher"/>
      </extension>
      <extension url="value">
        <valueString value="true"/>
      </extension>
    </extension>
    <extension url="http://hl7.org/fhir/tools/StructureDefinition/ig-parameter">
      <extension url="code">
        <valueString value="apply-contact"/>
      </extension>
      <extension url="value">
        <valueString value="true"/>
      </extension>
    </extension>
    <extension url="http://hl7.org/fhir/tools/StructureDefinition/ig-parameter">
      <extension url="code">
        <valueString value="show-inherited-invariants"/>
      </extension>
      <extension url="value">
        <valueString value="false"/>
      </extension>
    </extension>
    <extension url="http://hl7.org/fhir/tools/StructureDefinition/ig-parameter">
      <extension url="code">
        <valueString value="autoload-resources"/>
      </extension>
      <extension url="value">
        <valueString value="true"/>
      </extension>
    </extension>
    <extension url="http://hl7.org/fhir/tools/StructureDefinition/ig-parameter">
      <extension url="code">
        <valueString value="path-liquid"/>
      </extension>
      <extension url="value">
        <valueString value="template/liquid"/>
      </extension>
    </extension>
    <extension url="http://hl7.org/fhir/tools/StructureDefinition/ig-parameter">
      <extension url="code">
        <valueString value="path-liquid"/>
      </extension>
      <extension url="value">
        <valueString value="input/liquid"/>
      </extension>
    </extension>
    <extension url="http://hl7.org/fhir/tools/StructureDefinition/ig-parameter">
      <extension url="code">
        <valueString value="path-qa"/>
      </extension>
      <extension url="value">
        <valueString value="temp/qa"/>
      </extension>
    </extension>
    <extension url="http://hl7.org/fhir/tools/StructureDefinition/ig-parameter">
      <extension url="code">
        <valueString value="path-temp"/>
      </extension>
      <extension url="value">
        <valueString value="temp/pages"/>
      </extension>
    </extension>
    <extension url="http://hl7.org/fhir/tools/StructureDefinition/ig-parameter">
      <extension url="code">
        <valueString value="path-output"/>
      </extension>
      <extension url="value">
        <valueString value="output"/>
      </extension>
    </extension>
    <extension url="http://hl7.org/fhir/tools/StructureDefinition/ig-parameter">
      <extension url="code">
        <valueString value="path-suppressed-warnings"/>
      </extension>
      <extension url="value">
        <valueString value="input/ignoreWarnings.txt"/>
      </extension>
    </extension>
    <extension url="http://hl7.org/fhir/tools/StructureDefinition/ig-parameter">
      <extension url="code">
        <valueString value="path-history"/>
      </extension>
      <extension url="value">
        <valueString value="https://hl7chile.cl/fhir/ig/CoreCL/history.html"/>
      </extension>
    </extension>
    <extension url="http://hl7.org/fhir/tools/StructureDefinition/ig-parameter">
      <extension url="code">
        <valueString value="template-html"/>
      </extension>
      <extension url="value">
        <valueString value="template-page.html"/>
      </extension>
    </extension>
    <extension url="http://hl7.org/fhir/tools/StructureDefinition/ig-parameter">
      <extension url="code">
        <valueString value="template-md"/>
      </extension>
      <extension url="value">
        <valueString value="template-page-md.html"/>
      </extension>
    </extension>
    <extension url="http://hl7.org/fhir/tools/StructureDefinition/ig-parameter">
      <extension url="code">
        <valueString value="apply-context"/>
      </extension>
      <extension url="value">
        <valueString value="true"/>
      </extension>
    </extension>
    <extension url="http://hl7.org/fhir/tools/StructureDefinition/ig-parameter">
      <extension url="code">
        <valueString value="apply-copyright"/>
      </extension>
      <extension url="value">
        <valueString value="true"/>
      </extension>
    </extension>
    <extension url="http://hl7.org/fhir/tools/StructureDefinition/ig-parameter">
      <extension url="code">
        <valueString value="apply-jurisdiction"/>
      </extension>
      <extension url="value">
        <valueString value="true"/>
      </extension>
    </extension>
    <extension url="http://hl7.org/fhir/tools/StructureDefinition/ig-parameter">
      <extension url="code">
        <valueString value="apply-license"/>
      </extension>
      <extension url="value">
        <valueString value="true"/>
      </extension>
    </extension>
    <extension url="http://hl7.org/fhir/tools/StructureDefinition/ig-parameter">
      <extension url="code">
        <valueString value="apply-version"/>
      </extension>
      <extension url="value">
        <valueString value="true"/>
      </extension>
    </extension>
    <extension url="http://hl7.org/fhir/tools/StructureDefinition/ig-parameter">
      <extension url="code">
        <valueString value="active-tables"/>
      </extension>
      <extension url="value">
        <valueString value="true"/>
      </extension>
    </extension>
    <resource>
      <extension url="http://hl7.org/fhir/tools/StructureDefinition/resource-information">
        <valueString value="StructureDefinition:resource"/>
      </extension>
      <reference>
        <reference value="StructureDefinition/BundleCl"/>
      </reference>
      <name value="BundleCL"/>
      <description value="Este Perfil describe como debe ser el recurso Bundle que permite transportar una serie de recursos de PRescripción para  conformar una receta"/>
      <exampleBoolean value="false"/>
    </resource>
    <resource>
      <extension url="http://hl7.org/fhir/tools/StructureDefinition/resource-information">
        <valueString value="StructureDefinition:resource"/>
      </extension>
      <reference>
        <reference value="StructureDefinition/CoreEspecialidadCl"/>
      </reference>
      <name value="Perfil utilizaco para asignar una o mas especialidades medicas a un prestador de salud."/>
      <description value="Este Perfil ha sido desarrollado para cubrir las necesidades del Caso de Uso de Receta Electrónica. Sin embargo, se ha modelado con el fin de cubrir las necesidades nacionales de un Recurso de Especialidad Médica para la denominación de Prescriptor en Chile"/>
      <exampleBoolean value="false"/>
    </resource>
    <resource>
      <extension url="http://hl7.org/fhir/tools/StructureDefinition/resource-information">
        <valueString value="StructureDefinition:resource"/>
      </extension>
      <reference>
        <reference value="StructureDefinition/CoreLocalizacionCl"/>
      </reference>
      <name value="Perfil de Localización de Objetos e Infraestructura"/>
      <description value="Este perfil determina la ubicación especifica para un evento, objeto o Infraestructura específica. Este perfil permite vinlcular la localización especifica con una organización o espacio físico específico"/>
      <exampleBoolean value="false"/>
    </resource>
    <resource>
      <extension url="http://hl7.org/fhir/tools/StructureDefinition/resource-information">
        <valueString value="StructureDefinition:resource"/>
      </extension>
      <reference>
        <reference value="StructureDefinition/CoreMedicamentoCl"/>
      </reference>
      <name value="Medicamento Core Nacional"/>
      <description value="Este Perfil ha sido desarrollado para cubrir las necesidades del Caso de Uso de Receta Electrónica desde la visión del TFC que se usará para poder manejar farmacos ya registrados, y que deberán ser consultados por los prestadores a la hora de prescribir algno."/>
      <exampleBoolean value="false"/>
    </resource>
    <resource>
      <extension url="http://hl7.org/fhir/tools/StructureDefinition/resource-information">
        <valueString value="StructureDefinition:resource"/>
      </extension>
      <reference>
        <reference value="StructureDefinition/CoreOrganizacionCl"/>
      </reference>
      <name value="Perfil de Organización de Salud en Chile"/>
      <description value="Este Perfil ha sido desarrollado para cubrir las necesidades del Caso de Uso de Receta Electrónica. Sin embargo, se ha modelado para también cubrir las necesidades nacionales de un Recurso de Organzación en Salud"/>
      <exampleBoolean value="false"/>
    </resource>
    <resource>
      <extension url="http://hl7.org/fhir/tools/StructureDefinition/resource-information">
        <valueString value="StructureDefinition:resource"/>
      </extension>
      <reference>
        <reference value="StructureDefinition/CorePacienteCl"/>
      </reference>
      <name value="Perfil Paciente Para Core Nacional"/>
      <description value="Este Perfil ha sido desarrollado para cubrir las necesidades del Caso de Uso de Receta Electrónica. Sin embargo, se ha modelado con el fin de cubrir las necesidades nacionales de un Recurso Paciente para un Historial Clínico Nacional"/>
      <exampleBoolean value="false"/>
    </resource>
    <resource>
      <extension url="http://hl7.org/fhir/tools/StructureDefinition/resource-information">
        <valueString value="StructureDefinition:resource"/>
      </extension>
      <reference>
        <reference value="StructureDefinition/CorePrestadorCl"/>
      </reference>
      <name value="Prestador Core-CL"/>
      <description value="Este Perfil fue creado para cubrir la descripción de un Prestador a nivel Nacional"/>
      <exampleBoolean value="false"/>
    </resource>
    <resource>
      <extension url="http://hl7.org/fhir/tools/StructureDefinition/resource-information">
        <valueString value="StructureDefinition:extension"/>
      </extension>
      <reference>
        <reference value="StructureDefinition/CodigoPaises"/>
      </reference>
      <name value="Codigo de Identificación de países"/>
      <description value="Esta extensión incluye códigos de paises de origen"/>
      <exampleBoolean value="false"/>
    </resource>
    <resource>
      <extension url="http://hl7.org/fhir/tools/StructureDefinition/resource-information">
        <valueString value="ValueSet"/>
      </extension>
      <reference>
        <reference value="ValueSet/CodPais"/>
      </reference>
      <name value="Códigos de Países"/>
      <description value="Codigos definidos para la identificación de países segun norma ISO3166-N"/>
      <exampleBoolean value="false"/>
    </resource>
    <resource>
      <extension url="http://hl7.org/fhir/tools/StructureDefinition/resource-information">
        <valueString value="ValueSet"/>
      </extension>
      <reference>
        <reference value="ValueSet/VSCodigosComunaCL"/>
      </reference>
      <name value="Códigos de Comunas en Chile"/>
      <description value="Códigos de Comunas para Chile según Códigos Únicos Territoriales Actualizados, por Decreto exento No 817 del Ministerio del Interior"/>
      <exampleBoolean value="false"/>
    </resource>
    <resource>
      <extension url="http://hl7.org/fhir/tools/StructureDefinition/resource-information">
        <valueString value="ValueSet"/>
      </extension>
      <reference>
        <reference value="ValueSet/VSCodigosProvinciasCL"/>
      </reference>
      <name value="Códigos de Provincias en Chile"/>
      <description value="Códigos de Provincias para Chile según Códigos Únicos Territoriales Actualizados, por Decreto exento No 817 del Ministerio del Interior"/>
      <exampleBoolean value="false"/>
    </resource>
    <resource>
      <extension url="http://hl7.org/fhir/tools/StructureDefinition/resource-information">
        <valueString value="ValueSet"/>
      </extension>
      <reference>
        <reference value="ValueSet/VSCodigosRegionesCL"/>
      </reference>
      <name value="Códigos de Regiones en Chile"/>
      <description value="Códigos de Regiones para Chile según Códigos Únicos Territoriales Actualizados, por Decreto exento No 817 del Ministerio del Interior"/>
      <exampleBoolean value="false"/>
    </resource>
    <resource>
      <extension url="http://hl7.org/fhir/tools/StructureDefinition/resource-information">
        <valueString value="ValueSet"/>
      </extension>
      <reference>
        <reference value="ValueSet/VSEspecialidadesDeisCL"/>
      </reference>
      <name value="Códigos de Especialidades"/>
      <description value="Códigos de especialidades médicas descritas según DEIS"/>
      <exampleBoolean value="false"/>
    </resource>
    <resource>
      <extension url="http://hl7.org/fhir/tools/StructureDefinition/resource-information">
        <valueString value="ValueSet"/>
      </extension>
      <reference>
        <reference value="ValueSet/VSTiposDocumentos"/>
      </reference>
      <name value="Tipos de Documentos"/>
      <description value="Tipos de Documentos para identificación según tabla HL7 V3 y CodeSystem local."/>
      <exampleBoolean value="false"/>
    </resource>
    <resource>
      <extension url="http://hl7.org/fhir/tools/StructureDefinition/resource-information">
        <valueString value="CodeSystem"/>
      </extension>
      <reference>
        <reference value="CodeSystem/CSCodComunasCL"/>
      </reference>
      <name value="Códigos de Comunas en Chile"/>
      <description value="Códigos de Comunas para Chile según Códigos Únicos Territoriales Actualizados, por Decreto exento No 817 del Ministerio del Interior"/>
      <exampleBoolean value="false"/>
    </resource>
    <resource>
      <extension url="http://hl7.org/fhir/tools/StructureDefinition/resource-information">
        <valueString value="CodeSystem"/>
      </extension>
      <reference>
        <reference value="CodeSystem/CSCodProvinciasCL"/>
      </reference>
      <name value="Códigos de Provincias en Chile"/>
      <description value="Códigos de Provincias para Chile según Códigos Únicos Territoriales Actualizados, por Decreto exento No 817 del Ministerio del Interior"/>
      <exampleBoolean value="false"/>
    </resource>
    <resource>
      <extension url="http://hl7.org/fhir/tools/StructureDefinition/resource-information">
        <valueString value="CodeSystem"/>
      </extension>
      <reference>
        <reference value="CodeSystem/CSCodRegionCL"/>
      </reference>
      <name value="Códigos de Regiones en ChileEstos aún deben ser llevados a un ValueSet"/>
      <description value="Códigos de Regiones para Chile según Códigos Únicos Territoriales Actualizados, por Decreto exento No 817 del Ministerio del Interior"/>
      <exampleBoolean value="false"/>
    </resource>
    <resource>
      <extension url="http://hl7.org/fhir/tools/StructureDefinition/resource-information">
        <valueString value="CodeSystem"/>
      </extension>
      <reference>
        <reference value="CodeSystem/CSCodigoDNI"/>
      </reference>
      <name value="Códigos de Documentos DNI para LATAM y el Caribe"/>
      <description value="Códigos para los DNI de países de America Latina y el Caribe según indicaciones de VS HL7 de V3"/>
      <exampleBoolean value="false"/>
    </resource>
    <resource>
      <extension url="http://hl7.org/fhir/tools/StructureDefinition/resource-information">
        <valueString value="CodeSystem"/>
      </extension>
      <reference>
        <reference value="CodeSystem/CSEspecialidadesDeisCL"/>
      </reference>
      <name value="Códigos de Especialidades"/>
      <description value="Códigos de especialidades médicas descritas según DEIS"/>
      <exampleBoolean value="false"/>
    </resource>
    <resource>
      <extension url="http://hl7.org/fhir/tools/StructureDefinition/resource-information">
        <valueString value="Practitioner"/>
      </extension>
      <reference>
        <reference value="Practitioner/3240"/>
      </reference>
      <name value="Ejemplo de Recurso Prestador como base para un Core Nacional"/>
      <description value="Ejemplo de un Prestador no Real con identificadores en Systemas con API´s no disponibles"/>
      <exampleCanonical value="https://hl7chile.cl/fhir/ig/CoreCL/StructureDefinition/CorePrestadorCl"/>
    </resource>
    <resource>
      <extension url="http://hl7.org/fhir/tools/StructureDefinition/resource-information">
        <valueString value="Bundle"/>
      </extension>
      <reference>
        <reference value="Bundle/BundleEx"/>
      </reference>
      <name value="Ejemplo Simple de Bundle de Transacción"/>
      <description value="Bundle de Transacción con un recurso Practitioner y un Recurso Organization"/>
      <exampleCanonical value="https://hl7chile.cl/fhir/ig/CoreCL/StructureDefinition/BundleCl"/>
    </resource>
    <resource>
      <extension url="http://hl7.org/fhir/tools/StructureDefinition/resource-information">
        <valueString value="PractitionerRole"/>
      </extension>
      <reference>
        <reference value="PractitionerRole/EspecialidadCL"/>
      </reference>
      <name value="Ejemplo de Recurso de especialidad"/>
      <description value="Define el Rol de un Médico durante la Operación de un paciente en Urgencia"/>
      <exampleCanonical value="https://hl7chile.cl/fhir/ig/CoreCL/StructureDefinition/CoreEspecialidadCl"/>
    </resource>
    <resource>
      <extension url="http://hl7.org/fhir/tools/StructureDefinition/resource-information">
        <valueString value="Location"/>
      </extension>
      <reference>
        <reference value="Location/LocalizacionEjemploCL1"/>
      </reference>
      <name value="Ejemplo Localización Farmacia"/>
      <description value="Ejemplo de la localización relacionada con una Farmacia específica ubicada en la comuna de Viña del Mar"/>
      <exampleCanonical value="https://hl7chile.cl/fhir/ig/CoreCL/StructureDefinition/CoreLocalizacionCl"/>
    </resource>
    <resource>
      <extension url="http://hl7.org/fhir/tools/StructureDefinition/resource-information">
        <valueString value="Medication"/>
      </extension>
      <reference>
        <reference value="Medication/MedicamentoCl"/>
      </reference>
      <name value="Ejemplo de comprimido Tareg - D 160"/>
      <description value="Medicamento comprimido Tareg -D160 referemciado como medicamento en la TFC, considerando el de 25 comprimidos"/>
      <exampleCanonical value="https://hl7chile.cl/fhir/ig/CoreCL/StructureDefinition/CoreMedicamentoCl"/>
    </resource>
    <resource>
      <extension url="http://hl7.org/fhir/tools/StructureDefinition/resource-information">
        <valueString value="Medication"/>
      </extension>
      <reference>
        <reference value="Medication/MedicamentoCl-2"/>
      </reference>
      <name value="Hidroclorotiazida 25 mg + Valsartán 160 mg comprimido"/>
      <description value="Definición de Hidroclorotiazida 25 mg + Valsartán 160 mg comprimido Código de descripción = 1703591000167111 y de Cocepto = 696681000167108 según TFC"/>
      <exampleCanonical value="https://hl7chile.cl/fhir/ig/CoreCL/StructureDefinition/CoreMedicamentoCl"/>
    </resource>
    <resource>
      <extension url="http://hl7.org/fhir/tools/StructureDefinition/resource-information">
        <valueString value="Organization"/>
      </extension>
      <reference>
        <reference value="Organization/ORG1"/>
      </reference>
      <name value="Ejemplo Organización Prestadora de Salud"/>
      <description value="CESFAM Rio Bueno (Ficticio) con ID DEIS no real"/>
      <exampleCanonical value="https://hl7chile.cl/fhir/ig/CoreCL/StructureDefinition/CoreOrganizacionCl"/>
    </resource>
    <resource>
      <extension url="http://hl7.org/fhir/tools/StructureDefinition/resource-information">
        <valueString value="Patient"/>
      </extension>
      <reference>
        <reference value="Patient/PacienteCL"/>
      </reference>
      <name value="Ejemplo de Recurso Paciente Nacional"/>
      <description value="Paciente ficticio nacional CI Chilena, sin sistema de validación ´http://regcivil.cl/Validacion/RUN´ ficticio , cuyo nombre se decribe mediante el oficial y uno social. La dirección tampoco es Real"/>
      <exampleCanonical value="https://hl7chile.cl/fhir/ig/CoreCL/StructureDefinition/CorePacienteCl"/>
    </resource>
    <resource>
      <extension url="http://hl7.org/fhir/tools/StructureDefinition/resource-information">
        <valueString value="Patient"/>
      </extension>
      <reference>
        <reference value="Patient/PacienteCL2"/>
      </reference>
      <name value="Ejemplo de Recurso Paciente Extranjero"/>
      <description value="Paciente ficticio extrangero, con identificación Pasaporte de origen Salvadoreño sin sistema real de validación del número de Pasaporte."/>
      <exampleCanonical value="https://hl7chile.cl/fhir/ig/CoreCL/StructureDefinition/CorePacienteCl"/>
    </resource>
    <resource>
      <extension url="http://hl7.org/fhir/tools/StructureDefinition/resource-information">
        <valueString value="Patient"/>
      </extension>
      <reference>
        <reference value="Patient/PacienteCl-3"/>
      </reference>
      <name value="Paciente Nacional, con datos actualizados, declarando nacionalidad"/>
      <description value="Paciente ficticio nacional CI Chilena con sistema de validación no real, cuyo nombre es solo el oficial. La dirección tampoco es Real"/>
      <exampleCanonical value="https://hl7chile.cl/fhir/ig/CoreCL/StructureDefinition/CorePacienteCl"/>
    </resource>
    <page>
      <nameUrl value="toc.html"/>
      <title value="Table of Contents"/>
      <generation value="html"/>
      <page>
        <nameUrl value="index.html"/>
        <title value="Inicio"/>
        <generation value="markdown"/>
      </page>
      <page>
        <nameUrl value="Alcances-Objetivos.html"/>
        <title value="Objetivos"/>
        <generation value="markdown"/>
      </page>
      <page>
        <nameUrl value="Aspectos-Generales.html"/>
        <title value="Generalidades"/>
        <generation value="markdown"/>
      </page>
      <page>
        <nameUrl value="Consolidado-Operaciones.html"/>
        <title value="Operaciones Básicas"/>
        <generation value="markdown"/>
      </page>
      <page>
        <nameUrl value="Extensiones.html"/>
        <title value="Extensiones"/>
        <generation value="markdown"/>
      </page>
      <page>
        <nameUrl value="Set-De-Validacion-ValueSets.html"/>
        <title value="CodeSystems/ValueSets"/>
        <generation value="markdown"/>
      </page>
      <page>
        <nameUrl value="Perfiles.html"/>
        <title value="Perfiles"/>
        <generation value="markdown"/>
      </page>
      <page>
        <nameUrl value="Set-Ejemplos.html"/>
        <title value="Ejemplos"/>
        <generation value="markdown"/>
      </page>
      <page>
        <nameUrl value="Todas-Descargas.html"/>
        <title value="Descargas"/>
        <generation value="markdown"/>
      </page>
    </page>
    <parameter>
      <code value="path-resource"/>
      <value value="input/capabilities"/>
    </parameter>
    <parameter>
      <code value="path-resource"/>
      <value value="input/examples"/>
    </parameter>
    <parameter>
      <code value="path-resource"/>
      <value value="input/extensions"/>
    </parameter>
    <parameter>
      <code value="path-resource"/>
      <value value="input/models"/>
    </parameter>
    <parameter>
      <code value="path-resource"/>
      <value value="input/operations"/>
    </parameter>
    <parameter>
      <code value="path-resource"/>
      <value value="input/profiles"/>
    </parameter>
    <parameter>
      <code value="path-resource"/>
      <value value="input/resources"/>
    </parameter>
    <parameter>
      <code value="path-resource"/>
      <value value="input/vocabulary"/>
    </parameter>
    <parameter>
      <code value="path-resource"/>
      <value value="input/maps"/>
    </parameter>
    <parameter>
      <code value="path-resource"/>
      <value value="input/testing"/>
    </parameter>
    <parameter>
      <code value="path-resource"/>
      <value value="input/history"/>
    </parameter>
    <parameter>
      <code value="path-resource"/>
      <value value="fsh-generated/resources"/>
    </parameter>
    <parameter>
      <code value="path-pages"/>
      <value value="template/config"/>
    </parameter>
    <parameter>
      <code value="path-pages"/>
      <value value="input/images"/>
    </parameter>
    <parameter>
      <code value="path-tx-cache"/>
      <value value="input-cache/txcache"/>
    </parameter>
  </definition>
</ImplementationGuide>