<?xml version="1.0" encoding="UTF-8"?>

<Medication xmlns="http://hl7.org/fhir">
  <id value="MedicamentoCl-2"/>
  <meta>
    <profile value="https://hl7chile.cl/fhir/ig/CoreCL/StructureDefinition/CoreMedicamentoCl"/>
  </meta>
  <text>
    <status value="generated"/><div xmlns="http://www.w3.org/1999/xhtml"><p><b>Generated Narrative</b></p><div style="display: inline-block; background-color: #d9e0e7; padding: 6px; margin: 4px; border: 1px solid #8da1b4; border-radius: 5px; line-height: 60%"><p style="margin-bottom: 0px">Resource "MedicamentoCl-2" </p><p style="margin-bottom: 0px">Profile: <a href="StructureDefinition-CoreMedicamentoCl.html">Medicamento Core Nacional</a></p></div><p><b>identifier</b>: id: 1703591000167111 (OFFICIAL), id: 696681000167108 (OFFICIAL)</p><p><b>code</b>: Hidroclorotiazida 25 mg + Valsartán 160 mg comprimido <span style="background: LightGoldenRodYellow; margin: 4px; border: 1px solid khaki"> (description-id#1703591000167111)</span></p></div>
  </text>
  <identifier>
    <use value="official"/>
    <system value="http://minsal.cl/semantikos/description-id"/>
    <value value="1703591000167111"/>
  </identifier>
  <identifier>
    <use value="official"/>
    <system value="http://minsal.cl/semantikos/concept-id"/>
    <value value="696681000167108"/>
  </identifier>
  <code>
    <coding>
      <system value="http://minsal.cl/semantikos/description-id"/>
      <code value="1703591000167111"/>
      <display value="Hidroclorotiazida 25 mg + Valsartán 160 mg comprimido"/>
    </coding>
  </code>
</Medication>