{"resourceType":"ValueSet","id":"CodPais","text":{"status":"generated","div":"<div xmlns=\"http://www.w3.org/1999/xhtml\"><ul><li>Import all the codes that are contained in <a href=\"null\">http://hl7.org/fhir/ValueSet/iso3166-1-N</a></li></ul></div>"},"url":"http://core.hl7chile.cl/ValueSet/CodPais","version":"0.85 (Ballot Pendiente)","name":"CodPaises","title":"Códigos de Países","status":"active","date":"2022-01-18T11:06:02-03:00","contact":[{"name":"Pablo Pizzaro","telecom":[{"system":"email","value":"ppizarro.delgado@minsal.cl"}]}],"description":"Codigos definidos para la identificación de países segun norma ISO3166-N","jurisdiction":[{"coding":[{"system":"urn:iso:std:iso:3166","code":"CL","display":"Chile"}]}],"compose":{"include":[{"valueSet":["http://hl7.org/fhir/ValueSet/iso3166-1-N"]}]}}