{"resourceType":"ValueSet","id":"COD-Cert-RNPI","text":{"status":"generated","div":"<div xmlns=\"http://www.w3.org/1999/xhtml\"><p>This value set includes codes based on the following rules:</p><ul/></div>"},"url":"http://core.hl7chile.cl/ValueSet/COD-Cert-RNPI","version":"0.85 (Ballot Pendiente)","name":"TituloID","title":"Códigos de tipos de certificaciones segun la Super Intendecia de Salud","status":"active","date":"2022-01-18T11:06:02-03:00","contact":[{"name":"Pablo Pizzaro","telecom":[{"system":"email","value":"ppizarro.delgado@minsal.cl"}]}],"description":"tipos de certficados reconocibles por la Super Intendecia como válidos para ejercer en Chile","jurisdiction":[{"coding":[{"system":"urn:iso:std:iso:3166","code":"CL","display":"Chile"}]}]}