{"resourceType":"ValueSet","id":"CodReg","text":{"status":"generated","div":"<div xmlns=\"http://www.w3.org/1999/xhtml\"><ul><li>Include these codes as defined in <code>https://apis.digital.gob.cl/dpa/regiones/</code><table class=\"none\"><tr><td style=\"white-space:nowrap\"><b>Code</b></td><td><b>Display</b></td></tr><tr><td>15</td><td>Arica y Parinacota</td></tr><tr><td>01</td><td>Tarapacá</td></tr><tr><td>02</td><td>Antofagasta</td></tr><tr><td>03</td><td>Atacama</td></tr><tr><td>04</td><td>Coquimbo</td></tr><tr><td>05</td><td>Valparaíso</td></tr><tr><td>13</td><td>Metropolitana de Santiago</td></tr><tr><td>06</td><td>Del Libertador Gral. Bernardo O'Higgins</td></tr><tr><td>07</td><td>Del Maule</td></tr><tr><td>08</td><td>Del Biobío</td></tr><tr><td>09</td><td>De la Araucanía</td></tr><tr><td>14</td><td>De los Ríos</td></tr><tr><td>10</td><td>De los Lagos</td></tr><tr><td>11</td><td>Aysén del Gral. Carlos Ibáñez del Campo</td></tr><tr><td>12</td><td>Magallanes y de la Antártica Chilena</td></tr><tr><td>16</td><td>Ñuble</td></tr></table></li></ul></div>"},"url":"http://core.hl7chile.cl/ValueSet/CodReg","version":"0.85 (Ballot Pendiente)","name":"CodRegion","title":"Códigos de Regiones en ChileEstos aún deben ser llevados a un ValueSet","status":"active","date":"2022-01-18T11:06:02-03:00","contact":[{"name":"Pablo Pizzaro","telecom":[{"system":"email","value":"ppizarro.delgado@minsal.cl"}]}],"description":"Codigos definidos para identificar una comuna en Chile","jurisdiction":[{"coding":[{"system":"urn:iso:std:iso:3166","code":"CL","display":"Chile"}]}],"compose":{"include":[{"system":"https://apis.digital.gob.cl/dpa/regiones/","concept":[{"code":"15","display":"Arica y Parinacota"},{"code":"01","display":"Tarapacá"},{"code":"02","display":"Antofagasta"},{"code":"03","display":"Atacama"},{"code":"04","display":"Coquimbo"},{"code":"05","display":"Valparaíso"},{"code":"13","display":"Metropolitana de Santiago"},{"code":"06","display":"Del Libertador Gral. Bernardo O'Higgins"},{"code":"07","display":"Del Maule"},{"code":"08","display":"Del Biobío"},{"code":"09","display":"De la Araucanía"},{"code":"14","display":"De los Ríos"},{"code":"10","display":"De los Lagos"},{"code":"11","display":"Aysén del Gral. Carlos Ibáñez del Campo"},{"code":"12","display":"Magallanes y de la Antártica Chilena"},{"code":"16","display":"Ñuble"}]}]}}