<?xml version="1.0" encoding="UTF-8"?><ValueSet xmlns="http://hl7.org/fhir"><id value="CodProv"/><text><status value="generated"/><div xmlns="http://www.w3.org/1999/xhtml"><ul><li>Include these codes as defined in <code>https://apis.digital.gob.cl/dpa/provincias/</code><table class="none"><tr><td style="white-space:nowrap"><b>Code</b></td><td><b>Display</b></td></tr><tr><td>122</td><td>Antártica Chilena</td></tr><tr><td>021</td><td>Antofagasta</td></tr><tr><td>082</td><td>Arauco</td></tr><tr><td>151</td><td>Arica</td></tr><tr><td>112</td><td>Aysén</td></tr><tr><td>083</td><td>Biobío</td></tr><tr><td>061</td><td>Cachapoal</td></tr><tr><td>113</td><td>Capitán Prat</td></tr><tr><td>062</td><td>Cardenal Caro</td></tr><tr><td>072</td><td>Cauquenes</td></tr><tr><td>091</td><td>Cautín</td></tr><tr><td>133</td><td>Chacabuco</td></tr><tr><td>032</td><td>Chañaral</td></tr><tr><td>102</td><td>Chiloé</td></tr><tr><td>042</td><td>Choapa</td></tr><tr><td>111</td><td>Coihaique</td></tr><tr><td>063</td><td>Colchagua</td></tr><tr><td>081</td><td>Concepción</td></tr><tr><td>031</td><td>Copiapó</td></tr><tr><td>132</td><td>Cordillera</td></tr><tr><td>073</td><td>Curicó</td></tr><tr><td>161</td><td>Diguillín</td></tr><tr><td>022</td><td>El Loa</td></tr><tr><td>041</td><td>Elqui</td></tr><tr><td>114</td><td>General Carrera</td></tr><tr><td>033</td><td>Huasco</td></tr><tr><td>011</td><td>Iquique</td></tr><tr><td>052</td><td>Isla de Pascua</td></tr><tr><td>162</td><td>Itata</td></tr><tr><td>043</td><td>Limarí</td></tr><tr><td>074</td><td>Linares</td></tr><tr><td>101</td><td>Llanquihue</td></tr><tr><td>053</td><td>Los Andes</td></tr><tr><td>121</td><td>Magallanes</td></tr><tr><td>134</td><td>Maipo</td></tr><tr><td>092</td><td>Malleco</td></tr><tr><td>058</td><td>Marga Marga</td></tr><tr><td>135</td><td>Melipilla</td></tr><tr><td>103</td><td>Osorno</td></tr><tr><td>104</td><td>Palena</td></tr><tr><td>152</td><td>Parinacota</td></tr><tr><td>054</td><td>Petorca</td></tr><tr><td>163</td><td>Punilla</td></tr><tr><td>055</td><td>Quillota</td></tr><tr><td>142</td><td>Ranco</td></tr><tr><td>056</td><td>San Antonio</td></tr><tr><td>057</td><td>San Felipe de Aconcagua</td></tr><tr><td>131</td><td>Santiago</td></tr><tr><td>136</td><td>Talagante</td></tr><tr><td>071</td><td>Talca</td></tr><tr><td>014</td><td>Tamarugal</td></tr><tr><td>123</td><td>Tierra del Fuego</td></tr><tr><td>023</td><td>Tocopilla</td></tr><tr><td>124</td><td>última Esperanza</td></tr><tr><td>141</td><td>Valdivia</td></tr><tr><td>051</td><td>Valparaíso</td></tr></table></li></ul></div></text><url value="http://core.hl7chile.cl/ValueSet/CodProv"/><version value="0.85 (Ballot Pendiente)"/><name value="CodProvincia"/><title value="C&#xF3;digos de Provincias en Chile"/><status value="active"/><date value="2022-01-18T11:06:02-03:00"/><contact><name value="Pablo Pizzaro"/><telecom><system value="email"/><value value="ppizarro.delgado@minsal.cl"/></telecom></contact><description value="Codigos definidos para identificar una provincia en Chile. Estos a&#xFA;n deben ser llevados a un ValueSet"/><jurisdiction><coding><system value="urn:iso:std:iso:3166"/><code value="CL"/><display value="Chile"/></coding></jurisdiction><compose><include><system value="https://apis.digital.gob.cl/dpa/provincias/"/><concept><code value="122"/><display value="Ant&#xE1;rtica Chilena"/></concept><concept><code value="021"/><display value="Antofagasta"/></concept><concept><code value="082"/><display value="Arauco"/></concept><concept><code value="151"/><display value="Arica"/></concept><concept><code value="112"/><display value="Ays&#xE9;n"/></concept><concept><code value="083"/><display value="Biob&#xED;o"/></concept><concept><code value="061"/><display value="Cachapoal"/></concept><concept><code value="113"/><display value="Capit&#xE1;n Prat"/></concept><concept><code value="062"/><display value="Cardenal Caro"/></concept><concept><code value="072"/><display value="Cauquenes"/></concept><concept><code value="091"/><display value="Caut&#xED;n"/></concept><concept><code value="133"/><display value="Chacabuco"/></concept><concept><code value="032"/><display value="Cha&#xF1;aral"/></concept><concept><code value="102"/><display value="Chilo&#xE9;"/></concept><concept><code value="042"/><display value="Choapa"/></concept><concept><code value="111"/><display value="Coihaique"/></concept><concept><code value="063"/><display value="Colchagua"/></concept><concept><code value="081"/><display value="Concepci&#xF3;n"/></concept><concept><code value="031"/><display value="Copiap&#xF3;"/></concept><concept><code value="132"/><display value="Cordillera"/></concept><concept><code value="073"/><display value="Curic&#xF3;"/></concept><concept><code value="161"/><display value="Diguill&#xED;n"/></concept><concept><code value="022"/><display value="El Loa"/></concept><concept><code value="041"/><display value="Elqui"/></concept><concept><code value="114"/><display value="General Carrera"/></concept><concept><code value="033"/><display value="Huasco"/></concept><concept><code value="011"/><display value="Iquique"/></concept><concept><code value="052"/><display value="Isla de Pascua"/></concept><concept><code value="162"/><display value="Itata"/></concept><concept><code value="043"/><display value="Limar&#xED;"/></concept><concept><code value="074"/><display value="Linares"/></concept><concept><code value="101"/><display value="Llanquihue"/></concept><concept><code value="053"/><display value="Los Andes"/></concept><concept><code value="121"/><display value="Magallanes"/></concept><concept><code value="134"/><display value="Maipo"/></concept><concept><code value="092"/><display value="Malleco"/></concept><concept><code value="058"/><display value="Marga Marga"/></concept><concept><code value="135"/><display value="Melipilla"/></concept><concept><code value="103"/><display value="Osorno"/></concept><concept><code value="104"/><display value="Palena"/></concept><concept><code value="152"/><display value="Parinacota"/></concept><concept><code value="054"/><display value="Petorca"/></concept><concept><code value="163"/><display value="Punilla"/></concept><concept><code value="055"/><display value="Quillota"/></concept><concept><code value="142"/><display value="Ranco"/></concept><concept><code value="056"/><display value="San Antonio"/></concept><concept><code value="057"/><display value="San Felipe de Aconcagua"/></concept><concept><code value="131"/><display value="Santiago"/></concept><concept><code value="136"/><display value="Talagante"/></concept><concept><code value="071"/><display value="Talca"/></concept><concept><code value="014"/><display value="Tamarugal"/></concept><concept><code value="123"/><display value="Tierra del Fuego"/></concept><concept><code value="023"/><display value="Tocopilla"/></concept><concept><code value="124"/><display value="&#xFA;ltima Esperanza"/></concept><concept><code value="141"/><display value="Valdivia"/></concept><concept><code value="051"/><display value="Valpara&#xED;so"/></concept></include></compose></ValueSet>