<?xml version="1.0" encoding="UTF-8"?><ValueSet xmlns="http://hl7.org/fhir"><id value="CodReg"/><text><status value="generated"/><div xmlns="http://www.w3.org/1999/xhtml"><ul><li>Include these codes as defined in <code>https://apis.digital.gob.cl/dpa/regiones/</code><table class="none"><tr><td style="white-space:nowrap"><b>Code</b></td><td><b>Display</b></td></tr><tr><td>15</td><td>Arica y Parinacota</td></tr><tr><td>01</td><td>Tarapacá</td></tr><tr><td>02</td><td>Antofagasta</td></tr><tr><td>03</td><td>Atacama</td></tr><tr><td>04</td><td>Coquimbo</td></tr><tr><td>05</td><td>Valparaíso</td></tr><tr><td>13</td><td>Metropolitana de Santiago</td></tr><tr><td>06</td><td>Del Libertador Gral. Bernardo O&#39;Higgins</td></tr><tr><td>07</td><td>Del Maule</td></tr><tr><td>08</td><td>Del Biobío</td></tr><tr><td>09</td><td>De la Araucanía</td></tr><tr><td>14</td><td>De los Ríos</td></tr><tr><td>10</td><td>De los Lagos</td></tr><tr><td>11</td><td>Aysén del Gral. Carlos Ibáñez del Campo</td></tr><tr><td>12</td><td>Magallanes y de la Antártica Chilena</td></tr><tr><td>16</td><td>Ñuble</td></tr></table></li></ul></div></text><url value="http://core.hl7chile.cl/ValueSet/CodReg"/><version value="0.85 (Ballot Pendiente)"/><name value="CodRegion"/><title value="C&#xF3;digos de Regiones en ChileEstos a&#xFA;n deben ser llevados a un ValueSet"/><status value="active"/><date value="2022-01-18T11:06:02-03:00"/><contact><name value="Pablo Pizzaro"/><telecom><system value="email"/><value value="ppizarro.delgado@minsal.cl"/></telecom></contact><description value="Codigos definidos para identificar una comuna en Chile"/><jurisdiction><coding><system value="urn:iso:std:iso:3166"/><code value="CL"/><display value="Chile"/></coding></jurisdiction><compose><include><system value="https://apis.digital.gob.cl/dpa/regiones/"/><concept><code value="15"/><display value="Arica y Parinacota"/></concept><concept><code value="01"/><display value="Tarapac&#xE1;"/></concept><concept><code value="02"/><display value="Antofagasta"/></concept><concept><code value="03"/><display value="Atacama"/></concept><concept><code value="04"/><display value="Coquimbo"/></concept><concept><code value="05"/><display value="Valpara&#xED;so"/></concept><concept><code value="13"/><display value="Metropolitana de Santiago"/></concept><concept><code value="06"/><display value="Del Libertador Gral. Bernardo O&#39;Higgins"/></concept><concept><code value="07"/><display value="Del Maule"/></concept><concept><code value="08"/><display value="Del Biob&#xED;o"/></concept><concept><code value="09"/><display value="De la Araucan&#xED;a"/></concept><concept><code value="14"/><display value="De los R&#xED;os"/></concept><concept><code value="10"/><display value="De los Lagos"/></concept><concept><code value="11"/><display value="Ays&#xE9;n del Gral. Carlos Ib&#xE1;&#xF1;ez del Campo"/></concept><concept><code value="12"/><display value="Magallanes y de la Ant&#xE1;rtica Chilena"/></concept><concept><code value="16"/><display value="&#xD1;uble"/></concept></include></compose></ValueSet>