<?xml version="1.0" encoding="UTF-8"?><ValueSet xmlns="http://hl7.org/fhir"><id value="COD-Cert-RNPI"/><text><status value="generated"/><div xmlns="http://www.w3.org/1999/xhtml"><p>This value set includes codes based on the following rules:</p><ul/></div></text><url value="http://core.hl7chile.cl/ValueSet/COD-Cert-RNPI"/><version value="0.85 (Ballot Pendiente)"/><name value="TituloID"/><title value="C&#xF3;digos de tipos de certificaciones segun la Super Intendecia de Salud"/><status value="active"/><date value="2022-01-18T11:06:02-03:00"/><contact><name value="Pablo Pizzaro"/><telecom><system value="email"/><value value="ppizarro.delgado@minsal.cl"/></telecom></contact><description value="tipos de certficados reconocibles por la Super Intendecia como v&#xE1;lidos para ejercer en Chile"/><jurisdiction><coding><system value="urn:iso:std:iso:3166"/><code value="CL"/><display value="Chile"/></coding></jurisdiction></ValueSet>