{
  "resourceType": "Condition",
  "id": "1112",
  "text": {
    "status": "generated",
    "div": "<div xmlns=\"http://www.w3.org/1999/xhtml\"><p><b>Generated Narrative: Condition</b></p><div style=\"display: inline-block; background-color: #d9e0e7; padding: 6px; margin: 4px; border: 1px solid #8da1b4; border-radius: 5px; line-height: 60%\"><p style=\"margin-bottom: 0px\">Resource Condition \"1112\" </p></div><p><b>subject</b>: <a href=\"Patient-11.html\">Patient/11</a> \"\"</p></div>"
  },
  "subject": {
    "reference": "Patient/11"
  }
}