{
  "resourceType": "Condition",
  "id": "DiagnosticoEj",
  "meta": {
    "profile": [
      "https://hl7chile.cl/fhir/ig/CoreCL/StructureDefinition/CoreDiagnosticoCl"
    ]
  },
  "text": {
    "status": "generated",
    "div": "<div xmlns=\"http://www.w3.org/1999/xhtml\"><p><b>Generated Narrative: Condition</b></p><div style=\"display: inline-block; background-color: #d9e0e7; padding: 6px; margin: 4px; border: 1px solid #8da1b4; border-radius: 5px; line-height: 60%\"><p style=\"margin-bottom: 0px\">Resource Condition \"DiagnosticoEj\" </p><p style=\"margin-bottom: 0px\">Profile: <a href=\"StructureDefinition-CoreDiagnosticoCl.html\">CL Condición-Diagnóstico</a></p></div><p><b>clinicalStatus</b>: Active <span style=\"background: LightGoldenRodYellow; margin: 4px; border: 1px solid khaki\"> (<a href=\"http://terminology.hl7.org/3.1.0/CodeSystem-condition-clinical.html\">Condition Clinical Status Codes</a>#active)</span></p><p><b>verificationStatus</b>: Confirmed <span style=\"background: LightGoldenRodYellow; margin: 4px; border: 1px solid khaki\"> (<a href=\"http://terminology.hl7.org/3.1.0/CodeSystem-condition-ver-status.html\">ConditionVerificationStatus</a>#confirmed)</span></p><p><b>code</b>: Diagnóstico de Hipertensión Confirmada <span style=\"background: LightGoldenRodYellow; margin: 4px; border: 1px solid khaki\"> (<a href=\"https://browser.ihtsdotools.org/\">SNOMED CT</a>#38341003 \"High blood pressure\")</span></p><p><b>subject</b>: <a href=\"Patient-11.html\">Patient/11</a> \"\"</p><p><b>onset</b>: 2022-08-07</p></div>"
  },
  "clinicalStatus": {
    "coding": [
      {
        "system": "http://terminology.hl7.org/CodeSystem/condition-clinical",
        "code": "active",
        "display": "Active"
      }
    ]
  },
  "verificationStatus": {
    "coding": [
      {
        "system": "http://terminology.hl7.org/CodeSystem/condition-ver-status",
        "code": "confirmed",
        "display": "Confirmed"
      }
    ]
  },
  "code": {
    "coding": [
      {
        "system": "http://snomed.info/sct",
        "code": "38341003",
        "display": "High blood pressure"
      }
    ],
    "text": "Diagnóstico de Hipertensión Confirmada"
  },
  "subject": {
    "reference": "Patient/11"
  },
  "onsetDateTime": "2022-08-07"
}