{
  "resourceType": "Practitioner",
  "id": "3240",
  "meta": {
    "profile": [
      "https://hl7chile.cl/fhir/ig/CoreCL/StructureDefinition/CorePrestadorCl"
    ]
  },
  "text": {
    "status": "generated",
    "div": "<div xmlns=\"http://www.w3.org/1999/xhtml\"><p><b>Generated Narrative: Practitioner</b></p><div style=\"display: inline-block; background-color: #d9e0e7; padding: 6px; margin: 4px; border: 1px solid #8da1b4; border-radius: 5px; line-height: 60%\"><p style=\"margin-bottom: 0px\">Resource Practitioner \"3240\" </p><p style=\"margin-bottom: 0px\">Profile: <a href=\"StructureDefinition-CorePrestadorCl.html\">CL Prestador</a></p></div><p><b>identifier</b>: id: 8336277-3 (OFFICIAL), id: 999999 (SECONDARY)</p><p><b>active</b>: true</p><p><b>name</b>: Johanna Rosa null (OFFICIAL)</p><p><b>telecom</b>: ph: 9345666(MOBILE), <a href=\"mailto:DraSilva@mimail.com\">DraSilva@mimail.com</a></p><p><b>address</b>: null null null </p><p><b>gender</b>: female</p><p><b>birthDate</b>: 1974-08-12</p><blockquote><p><b>qualification</b></p><p><b>identifier</b>: id: cert</p><p><b>code</b>: Certificado(s) <span style=\"background: LightGoldenRodYellow; margin: 4px; border: 1px solid khaki\"> (#2112 \"Certificado Profesional Médico Cirujano\")</span></p></blockquote><blockquote><p><b>qualification</b></p><p><b>identifier</b>: id: esp</p><p><b>code</b>: Especialidad(es) <span style=\"background: LightGoldenRodYellow; margin: 4px; border: 1px solid khaki\"> (#122 \"Cardiólogia\")</span></p></blockquote><blockquote><p><b>qualification</b></p><p><b>identifier</b>: id: esp</p><p><b>code</b>: Especialidad(es) <span style=\"background: LightGoldenRodYellow; margin: 4px; border: 1px solid khaki\"> (#1234 \"Medicina interna\")</span></p></blockquote></div>"
  },
  "identifier": [
    {
      "use": "official",
      "system": "http://api_run/run",
      "value": "8336277-3"
    },
    {
      "use": "secondary",
      "value": "999999"
    }
  ],
  "active": true,
  "name": [
    {
      "use": "official",
      "_family": {
        "extension": [
          {
            "url": "http://hl7.org/fhir/StructureDefinition/humanname-mothers-family",
            "valueString": "Reyes"
          }
        ]
      },
      "given": [
        "Johanna",
        "Rosa"
      ]
    }
  ],
  "telecom": [
    {
      "system": "phone",
      "value": "9345666",
      "use": "mobile"
    },
    {
      "system": "email",
      "value": "DraSilva@mimail.com",
      "use": "work"
    }
  ],
  "address": [
    {
      "_city": {
        "extension": [
          {
            "url": "https://hl7chile.cl/fhir/ig/CoreCL/StructureDefinition/ComunasCl",
            "valueCodeableConcept": {
              "coding": [
                {
                  "system": "https://hl7chile.cl/fhir/ig/CoreCL/CodeSystem/CSCodComunasCL",
                  "code": "05602",
                  "display": "Algarrobo"
                }
              ]
            }
          }
        ]
      },
      "_district": {
        "extension": [
          {
            "url": "https://hl7chile.cl/fhir/ig/CoreCL/StructureDefinition/ProvinciasCl",
            "valueCodeableConcept": {
              "coding": [
                {
                  "system": "https://hl7chile.cl/fhir/ig/CoreCL/CodeSystem/CSCodProvinciasCL",
                  "code": "056",
                  "display": "San Antonio"
                }
              ]
            }
          }
        ]
      },
      "_state": {
        "extension": [
          {
            "url": "https://hl7chile.cl/fhir/ig/CoreCL/StructureDefinition/RegionesCl",
            "valueCodeableConcept": {
              "coding": [
                {
                  "system": "https://hl7chile.cl/fhir/ig/CoreCL/CodeSystem/CSCodRegionCL",
                  "code": "05",
                  "display": "Valparaíso"
                }
              ]
            }
          }
        ]
      },
      "_country": {
        "extension": [
          {
            "url": "https://hl7chile.cl/fhir/ig/CoreCL/StructureDefinition/CodigoPaises",
            "valueCodeableConcept": {
              "coding": [
                {
                  "system": "urn:iso:std:iso:3166",
                  "code": "CL",
                  "display": "Chile"
                }
              ]
            }
          }
        ]
      }
    }
  ],
  "gender": "female",
  "birthDate": "1974-08-12",
  "qualification": [
    {
      "identifier": [
        {
          "value": "cert"
        }
      ],
      "code": {
        "coding": [
          {
            "system": "https://api.minsal.cl/v1/catalogos/profesiones/",
            "code": "2112",
            "display": "Certificado Profesional Médico Cirujano"
          }
        ],
        "text": "Certificado(s)"
      }
    },
    {
      "identifier": [
        {
          "value": "esp"
        }
      ],
      "code": {
        "coding": [
          {
            "system": "https://api.minsal.cl/v1/catalogos/tiposEspecialidadMedica/",
            "code": "122",
            "display": "Cardiólogia"
          }
        ],
        "text": "Especialidad(es)"
      }
    },
    {
      "identifier": [
        {
          "value": "esp"
        }
      ],
      "code": {
        "coding": [
          {
            "system": "https://api.minsal.cl/v1/catalogos/tiposEspecialidadMedica/",
            "code": "1234",
            "display": "Medicina interna"
          }
        ],
        "text": "Especialidad(es)"
      }
    }
  ]
}