{
  "resourceType": "ValueSet",
  "id": "VSTiposDocClinic",
  "text": {
    "status": "generated",
    "div": "<div xmlns=\"http://www.w3.org/1999/xhtml\"><ul><li>Include all codes defined in <a href=\"http://loinc.org\"><code>http://loinc.org</code></a></li></ul></div>"
  },
  "url": "https://hl7chile.cl/fhir/ig/CoreCL/ValueSet/VSTiposDocClinic",
  "version": "1.7.0",
  "name": "VSTiposDocClinic",
  "title": "Tipos de Documentos Clínicos",
  "status": "active",
  "date": "2022-05-21T00:00:00-03:00",
  "publisher": "HL7 Chile",
  "contact": [
    {
      "name": "HL7 Chile",
      "telecom": [
        {
          "system": "url",
          "value": "http://hl7chile.cl"
        },
        {
          "system": "email",
          "value": "chair@hl7chile.cl"
        }
      ]
    }
  ],
  "description": "Tipos de Documentos clínicos para Composition. Se trae todo Loinc, se requerirá un VS específico",
  "jurisdiction": [
    {
      "coding": [
        {
          "system": "urn:iso:std:iso:3166",
          "code": "CL",
          "display": "Chile"
        }
      ]
    }
  ],
  "copyright": "This material contains content from LOINC (http://loinc.org). LOINC is copyright © 1995-2020, Regenstrief Institute, Inc. and the Logical Observation Identifiers Names and Codes (LOINC) Committee and is available at no cost under the license at http://loinc.org/license. LOINC® is a registered United States trademark of Regenstrief Institute, Inc",
  "compose": {
    "include": [
      {
        "system": "http://loinc.org"
      }
    ]
  }
}