{
  "resourceType": "ValueSet",
  "id": "VSTiposDocumentos",
  "text": {
    "status": "generated",
    "div": "<div xmlns=\"http://www.w3.org/1999/xhtml\"><p>This value set includes codes based on the following rules:</p><ul><li>Include all codes defined in <a href=\"CodeSystem-CSCodigoDNI.html\"><code>https://hl7chile.cl/fhir/ig/CoreCL/CodeSystem/CSCodigoDNI</code></a></li><li>Include all codes defined in <a href=\"http://terminology.hl7.org/3.1.0/CodeSystem-v2-0203.html\"><code>http://terminology.hl7.org/CodeSystem/v2-0203</code></a></li></ul></div>"
  },
  "url": "https://hl7chile.cl/fhir/ig/CoreCL/ValueSet/VSTiposDocumentos",
  "version": "1.7.0",
  "name": "VSTiposDocumentos",
  "title": "Tipos de Documentos",
  "status": "active",
  "date": "2022-01-18T00:00:00-03:00",
  "publisher": "HL7 Chile",
  "contact": [
    {
      "name": "HL7 Chile",
      "telecom": [
        {
          "system": "url",
          "value": "http://hl7chile.cl"
        },
        {
          "system": "email",
          "value": "chair@hl7chile.cl"
        }
      ]
    }
  ],
  "description": "Tipos de Documentos para identificación según tabla HL7 V3 y CodeSystem local.",
  "jurisdiction": [
    {
      "coding": [
        {
          "system": "urn:iso:std:iso:3166",
          "code": "CL",
          "display": "Chile"
        }
      ]
    }
  ],
  "copyright": "Usado con el permiso de HL7 International, todos los derechos resevados en los Licencias de HL7 Internacional.",
  "compose": {
    "include": [
      {
        "system": "https://hl7chile.cl/fhir/ig/CoreCL/CodeSystem/CSCodigoDNI"
      },
      {
        "system": "http://terminology.hl7.org/CodeSystem/v2-0203"
      }
    ]
  }
}