{
  "resourceType": "Location",
  "id": "LocalizacionEjemploCL1",
  "meta": {
    "profile": [
      "http://core.hl7chile.cl/StructureDefinition/CoreLocalizacionCl"
    ]
  },
  "text": {
    "status": "generated",
    "div": "<div xmlns=\"http://www.w3.org/1999/xhtml\"><p><b>Generated Narrative</b></p><p><b>identifier</b>: id: 23144561</p><p><b>status</b>: active</p><p><b>name</b>: Gran Farmacia Gran</p><p><b>alias</b>: La gran</p><p><b>type</b>: <span title=\"Codes: {http://terminology.hl7.org/CodeSystem/v3-RoleCode PHARM}\">Pharmacy</span></p><p><b>telecom</b>: ph: (+56) 234221678(WORK)</p><p><b>address</b>: Calle 10 Norte, 1240, Viña del Mar 05109 051 05 152 (WORK)</p><h3>Positions</h3><table class=\"grid\"><tr><td>-</td><td><b>Longitude</b></td><td><b>Latitude</b></td></tr><tr><td>*</td><td>42.2565</td><td>-71.550261</td></tr></table><p><b>managingOrganization</b>: <a href=\"https://fhir.cens.cl/baseR4/Organization/ORG-000/\">https://fhir.cens.cl/baseR4/Organization/ORG-000/</a></p><h3>HoursOfOperations</h3><table class=\"grid\"><tr><td>-</td><td><b>DaysOfWeek</b></td><td><b>AllDay</b></td></tr><tr><td>*</td><td>fri</td><td>true</td></tr></table></div>"
  },
  "identifier": [
    {
      "system": "http://miderfarm.cl/validador_id",
      "value": "23144561"
    }
  ],
  "status": "active",
  "name": "Gran Farmacia Gran",
  "alias": [
    "La gran"
  ],
  "type": [
    {
      "coding": [
        {
          "system": "http://terminology.hl7.org/CodeSystem/v3-RoleCode",
          "code": "PHARM",
          "display": "Pharmacy"
        }
      ]
    }
  ],
  "telecom": [
    {
      "system": "phone",
      "value": "(+56) 234221678",
      "use": "work"
    }
  ],
  "address": {
    "use": "work",
    "line": [
      "Calle 10 Norte, 1240, Viña del Mar"
    ],
    "city": "05109",
    "state": "051",
    "postalCode": "05",
    "country": "152"
  },
  "position": {
    "longitude": 42.2565,
    "latitude": -71.550261
  },
  "managingOrganization": {
    "reference": "https://fhir.cens.cl/baseR4/Organization/ORG-000/"
  },
  "hoursOfOperation": [
    {
      "daysOfWeek": [
        "fri"
      ],
      "allDay": true
    }
  ]
}