{
  "resourceType": "ValueSet",
  "id": "Esp-Tabla-DEIS",
  "text": {
    "status": "generated",
    "div": "<div xmlns=\"http://www.w3.org/1999/xhtml\"><ul><li>Include these codes as defined in <code>https://minsal.cl/TablaEspecialidades</code><table class=\"none\"><tr><td style=\"white-space:nowrap\"><b>Code</b></td><td><b>Display</b></td></tr><tr><td>1</td><td>ANATOMÍA PATOLÓGICA</td></tr><tr><td>12</td><td>ANESTESIOLOGÍA</td></tr><tr><td>13</td><td>CARDIOLOGÍA</td></tr><tr><td>14</td><td>CIRUGÍA GENERAL</td></tr><tr><td>15</td><td>CIRUGÍA DE CABEZA, CUELLO Y MAXILOFACIAL</td></tr><tr><td>16</td><td>CIRUGÍA CARDIOVASCULAR</td></tr><tr><td>17</td><td>CIRUGÍA DE TÓRAX</td></tr><tr><td>18</td><td>CIRUGÍA PLÁSTICA Y REPARADORA</td></tr><tr><td>19</td><td>CIRUGÍA PEDIÁTRICA</td></tr><tr><td>110</td><td>CIRUGÍA VASCULAR PERIFÉRICA</td></tr><tr><td>111</td><td>COLOPROCTOLOGÍA</td></tr><tr><td>112</td><td>DERMATOLOGÍA</td></tr><tr><td>113</td><td>DIABETOLOGÍA</td></tr><tr><td>114</td><td>ENDOCRINOLOGÍA ADULTO</td></tr><tr><td>115</td><td>ENDOCRINOLOGÍA PEDIÁTRICA</td></tr><tr><td>116</td><td>ENFERMEDADES RESPIRATORIAS DEL ADULTO</td></tr><tr><td>117</td><td>ENFERMEDADES RESPIRATORIAS PEDIÁTRICAS</td></tr><tr><td>118</td><td>GASTROENTEROLOGÍA ADULTO</td></tr><tr><td>119</td><td>GASTROENTEROLOGÍA PEDIÁTRICA</td></tr><tr><td>120</td><td>GENÉTICA CLÍNICA</td></tr><tr><td>121</td><td>GERIATRÍA</td></tr><tr><td>122</td><td>GINECOLOGÍA PEDIÁTRICA Y DE LA ADOLESCENCIA</td></tr><tr><td>123</td><td>HEMATOLOGÍA</td></tr><tr><td>124</td><td>IMAGENOLOGÍA</td></tr><tr><td>125</td><td>INFECTOLOGÍA</td></tr><tr><td>126</td><td>INMUNOLOGÍA</td></tr><tr><td>127</td><td>LABORATORIO CLÍNICO</td></tr><tr><td>128</td><td>MEDICINA FAMILIAR</td></tr><tr><td>129</td><td>MEDICINA FÍSICA Y REHABILITACIÓN</td></tr><tr><td>130</td><td>MEDICINA INTERNA</td></tr><tr><td>131</td><td>MEDICINA INTENSIVA ADULTO</td></tr><tr><td>132</td><td>MEDICINA INTENSIVA PEDIÁTRICA</td></tr><tr><td>133</td><td>MEDICINA LEGAL</td></tr><tr><td>134</td><td>MEDICINA MATERNO INFANTIL</td></tr><tr><td>135</td><td>MEDICINA NUCLEAR</td></tr><tr><td>136</td><td>MEDICINA DE URGENCIA</td></tr><tr><td>137</td><td>NEFROLOGÍA ADULTO</td></tr><tr><td>138</td><td>NEFROLOGÍA PEDIÁTRICO</td></tr><tr><td>139</td><td>NEONATOLOGÍA</td></tr><tr><td>140</td><td>NEUROCIRUGÍA</td></tr><tr><td>141</td><td>NEUROLOGÍA ADULTO</td></tr><tr><td>142</td><td>NEUROLOGÍA PEDIÁTRICA</td></tr><tr><td>143</td><td>OBSTETRICIA Y GINECOLOGÍA</td></tr><tr><td>144</td><td>OFTALMOLOGÍA</td></tr><tr><td>145</td><td>ONCOLOGÍA MÉDICA</td></tr><tr><td>146</td><td>OTORRINOLARINGOLOGÍA</td></tr><tr><td>147</td><td>PEDIATRÍA</td></tr><tr><td>148</td><td>PSIQUIATRÍA ADULTO</td></tr><tr><td>149</td><td>PSIQUIATRÍA PEDIÁTRICA Y DE LA ADOLESCENCIA</td></tr><tr><td>150</td><td>RADIOTERAPIA ONCOLÓGICA</td></tr><tr><td>151</td><td>REUMATOLOGÍA</td></tr><tr><td>152</td><td>SALUD PÚBLICA</td></tr><tr><td>153</td><td>TRAUMATOLOGÍA Y ORTOPEDIA</td></tr><tr><td>154</td><td>UROLOGÍA</td></tr></table></li></ul></div>"
  },
  "url": "http://core.hl7chile.cl/ValueSet/Esp-Tabla-DEIS",
  "version": "0.85 (Ballot Pendiente)",
  "name": "TablaEspecialidadesMedicasCl",
  "title": "Códigos de especialidades según DEIS",
  "status": "active",
  "date": "2022-01-18T11:06:02-03:00",
  "contact": [
    {
      "name": "Pablo Pizzaro",
      "telecom": [
        {
          "system": "email",
          "value": "ppizarro.delgado@minsal.cl"
        }
      ]
    }
  ],
  "description": "Códigos de especialidades médicas descritas segun DEIS",
  "jurisdiction": [
    {
      "coding": [
        {
          "system": "urn:iso:std:iso:3166",
          "code": "CL",
          "display": "Chile"
        }
      ]
    }
  ],
  "compose": {
    "include": [
      {
        "system": "https://minsal.cl/TablaEspecialidades",
        "concept": [
          {
            "code": "1",
            "display": "ANATOMÍA PATOLÓGICA"
          },
          {
            "code": "12",
            "display": "ANESTESIOLOGÍA"
          },
          {
            "code": "13",
            "display": "CARDIOLOGÍA"
          },
          {
            "code": "14",
            "display": "CIRUGÍA GENERAL"
          },
          {
            "code": "15",
            "display": "CIRUGÍA DE CABEZA, CUELLO Y MAXILOFACIAL"
          },
          {
            "code": "16",
            "display": "CIRUGÍA CARDIOVASCULAR"
          },
          {
            "code": "17",
            "display": "CIRUGÍA DE TÓRAX"
          },
          {
            "code": "18",
            "display": "CIRUGÍA PLÁSTICA Y REPARADORA"
          },
          {
            "code": "19",
            "display": "CIRUGÍA PEDIÁTRICA"
          },
          {
            "code": "110",
            "display": "CIRUGÍA VASCULAR PERIFÉRICA"
          },
          {
            "code": "111",
            "display": "COLOPROCTOLOGÍA"
          },
          {
            "code": "112",
            "display": "DERMATOLOGÍA"
          },
          {
            "code": "113",
            "display": "DIABETOLOGÍA"
          },
          {
            "code": "114",
            "display": "ENDOCRINOLOGÍA ADULTO"
          },
          {
            "code": "115",
            "display": "ENDOCRINOLOGÍA PEDIÁTRICA"
          },
          {
            "code": "116",
            "display": "ENFERMEDADES RESPIRATORIAS DEL ADULTO"
          },
          {
            "code": "117",
            "display": "ENFERMEDADES RESPIRATORIAS PEDIÁTRICAS"
          },
          {
            "code": "118",
            "display": "GASTROENTEROLOGÍA ADULTO"
          },
          {
            "code": "119",
            "display": "GASTROENTEROLOGÍA PEDIÁTRICA"
          },
          {
            "code": "120",
            "display": "GENÉTICA CLÍNICA"
          },
          {
            "code": "121",
            "display": "GERIATRÍA"
          },
          {
            "code": "122",
            "display": "GINECOLOGÍA PEDIÁTRICA Y DE LA ADOLESCENCIA"
          },
          {
            "code": "123",
            "display": "HEMATOLOGÍA"
          },
          {
            "code": "124",
            "display": "IMAGENOLOGÍA"
          },
          {
            "code": "125",
            "display": "INFECTOLOGÍA"
          },
          {
            "code": "126",
            "display": "INMUNOLOGÍA"
          },
          {
            "code": "127",
            "display": "LABORATORIO CLÍNICO"
          },
          {
            "code": "128",
            "display": "MEDICINA FAMILIAR"
          },
          {
            "code": "129",
            "display": "MEDICINA FÍSICA Y REHABILITACIÓN"
          },
          {
            "code": "130",
            "display": "MEDICINA INTERNA"
          },
          {
            "code": "131",
            "display": "MEDICINA INTENSIVA ADULTO"
          },
          {
            "code": "132",
            "display": "MEDICINA INTENSIVA PEDIÁTRICA"
          },
          {
            "code": "133",
            "display": "MEDICINA LEGAL"
          },
          {
            "code": "134",
            "display": "MEDICINA MATERNO INFANTIL"
          },
          {
            "code": "135",
            "display": "MEDICINA NUCLEAR"
          },
          {
            "code": "136",
            "display": "MEDICINA DE URGENCIA"
          },
          {
            "code": "137",
            "display": "NEFROLOGÍA ADULTO"
          },
          {
            "code": "138",
            "display": "NEFROLOGÍA PEDIÁTRICO"
          },
          {
            "code": "139",
            "display": "NEONATOLOGÍA"
          },
          {
            "code": "140",
            "display": "NEUROCIRUGÍA"
          },
          {
            "code": "141",
            "display": "NEUROLOGÍA ADULTO"
          },
          {
            "code": "142",
            "display": "NEUROLOGÍA PEDIÁTRICA"
          },
          {
            "code": "143",
            "display": "OBSTETRICIA Y GINECOLOGÍA"
          },
          {
            "code": "144",
            "display": "OFTALMOLOGÍA"
          },
          {
            "code": "145",
            "display": "ONCOLOGÍA MÉDICA"
          },
          {
            "code": "146",
            "display": "OTORRINOLARINGOLOGÍA"
          },
          {
            "code": "147",
            "display": "PEDIATRÍA"
          },
          {
            "code": "148",
            "display": "PSIQUIATRÍA ADULTO"
          },
          {
            "code": "149",
            "display": "PSIQUIATRÍA PEDIÁTRICA Y DE LA ADOLESCENCIA"
          },
          {
            "code": "150",
            "display": "RADIOTERAPIA ONCOLÓGICA"
          },
          {
            "code": "151",
            "display": "REUMATOLOGÍA"
          },
          {
            "code": "152",
            "display": "SALUD PÚBLICA"
          },
          {
            "code": "153",
            "display": "TRAUMATOLOGÍA Y ORTOPEDIA"
          },
          {
            "code": "154",
            "display": "UROLOGÍA"
          }
        ]
      }
    ]
  }
}