<?xml version="1.0" encoding="UTF-8"?><ImplementationGuide xmlns="http://hl7.org/fhir"><id value="hl7.fhir.cl.CoreCH"/><text><status value="extensions"/><div xmlns="http://www.w3.org/1999/xhtml"><h2>CoreCLDEV</h2><p>The official URL for this implementation guide is: </p><pre>https://hl7chile.cl/fhir/ig/CoreCL/ImplementationGuide/hl7.fhir.cl.CoreCH</pre><div><p>Guía de Implementación Versión de Desarrollo Sobre STU 1, para los perfiles Core que se van a requerir a nivel de desarrollo Nacional para Sistemas que Intercambien datos en estandar FHIR-R4</p>
</div></div></text><url value="https://hl7chile.cl/fhir/ig/CoreCL/ImplementationGuide/hl7.fhir.cl.CoreCH"/><version value="1.4.0"/><name value="CoreCLDEV"/><title value="Guía de Implementación Core-CL FHIR R4, (Versión Evolutiva)"/><status value="draft"/><date value="2022-05"/><publisher value="HL7 Chile"/><contact><name value="HL7 Chile"/><telecom><system value="url"/><value value="http://hl7chile.cl"/></telecom><telecom><system value="email"/><value value="chair@hl7chile.cl"/></telecom></contact><description value="Guía de Implementación Versión de Desarrollo Sobre STU 1, para los perfiles Core que se van a requerir a nivel de desarrollo Nacional para Sistemas que Intercambien datos en estandar FHIR-R4"/><jurisdiction><coding><system value="urn:iso:std:iso:3166"/><code value="CL"/><display value="Chile"/></coding></jurisdiction><copyright value="Usado con el permiso de HL7 International, todos los derechos resevados en los Licencias de HL7 Internacional."/><packageId value="hl7.fhir.cl.CoreCH"/><license value="CC0-1.0"/><fhirVersion value="4.0.1"/><definition><extension url="http://hl7.org/fhir/tools/StructureDefinition/ig-parameter"><extension url="code"><valueString value="copyrightyear"/></extension><extension url="value"><valueString value="2021+"/></extension></extension><extension url="http://hl7.org/fhir/tools/StructureDefinition/ig-parameter"><extension url="code"><valueString value="releaselabel"/></extension><extension url="value"><valueString value="CI Build"/></extension></extension><extension url="http://hl7.org/fhir/tools/StructureDefinition/ig-parameter"><extension url="code"><valueString value="apply-publisher"/></extension><extension url="value"><valueString value="true"/></extension></extension><extension url="http://hl7.org/fhir/tools/StructureDefinition/ig-parameter"><extension url="code"><valueString value="apply-contact"/></extension><extension url="value"><valueString value="true"/></extension></extension><extension url="http://hl7.org/fhir/tools/StructureDefinition/ig-parameter"><extension url="code"><valueString value="show-inherited-invariants"/></extension><extension url="value"><valueString value="false"/></extension></extension><extension url="http://hl7.org/fhir/tools/StructureDefinition/ig-parameter"><extension url="code"><valueString value="autoload-resources"/></extension><extension url="value"><valueString value="true"/></extension></extension><extension url="http://hl7.org/fhir/tools/StructureDefinition/ig-parameter"><extension url="code"><valueString value="path-liquid"/></extension><extension url="value"><valueString value="template/liquid"/></extension></extension><extension url="http://hl7.org/fhir/tools/StructureDefinition/ig-parameter"><extension url="code"><valueString value="path-liquid"/></extension><extension url="value"><valueString value="input/liquid"/></extension></extension><extension url="http://hl7.org/fhir/tools/StructureDefinition/ig-parameter"><extension url="code"><valueString value="path-qa"/></extension><extension url="value"><valueString value="temp/qa"/></extension></extension><extension url="http://hl7.org/fhir/tools/StructureDefinition/ig-parameter"><extension url="code"><valueString value="path-temp"/></extension><extension url="value"><valueString value="temp/pages"/></extension></extension><extension url="http://hl7.org/fhir/tools/StructureDefinition/ig-parameter"><extension url="code"><valueString value="path-output"/></extension><extension url="value"><valueString value="output"/></extension></extension><extension url="http://hl7.org/fhir/tools/StructureDefinition/ig-parameter"><extension url="code"><valueString value="path-suppressed-warnings"/></extension><extension url="value"><valueString value="input/ignoreWarnings.txt"/></extension></extension><extension url="http://hl7.org/fhir/tools/StructureDefinition/ig-parameter"><extension url="code"><valueString value="path-history"/></extension><extension url="value"><valueString value="https://hl7chile.cl/fhir/ig/CoreCL/history.html"/></extension></extension><extension url="http://hl7.org/fhir/tools/StructureDefinition/ig-parameter"><extension url="code"><valueString value="template-html"/></extension><extension url="value"><valueString value="template-page.html"/></extension></extension><extension url="http://hl7.org/fhir/tools/StructureDefinition/ig-parameter"><extension url="code"><valueString value="template-md"/></extension><extension url="value"><valueString value="template-page-md.html"/></extension></extension><extension url="http://hl7.org/fhir/tools/StructureDefinition/ig-parameter"><extension url="code"><valueString value="apply-context"/></extension><extension url="value"><valueString value="true"/></extension></extension><extension url="http://hl7.org/fhir/tools/StructureDefinition/ig-parameter"><extension url="code"><valueString value="apply-copyright"/></extension><extension url="value"><valueString value="true"/></extension></extension><extension url="http://hl7.org/fhir/tools/StructureDefinition/ig-parameter"><extension url="code"><valueString value="apply-jurisdiction"/></extension><extension url="value"><valueString value="true"/></extension></extension><extension url="http://hl7.org/fhir/tools/StructureDefinition/ig-parameter"><extension url="code"><valueString value="apply-license"/></extension><extension url="value"><valueString value="true"/></extension></extension><extension url="http://hl7.org/fhir/tools/StructureDefinition/ig-parameter"><extension url="code"><valueString value="apply-version"/></extension><extension url="value"><valueString value="true"/></extension></extension><extension url="http://hl7.org/fhir/tools/StructureDefinition/ig-parameter"><extension url="code"><valueString value="active-tables"/></extension><extension url="value"><valueString value="true"/></extension></extension><grouping id="-str-profile"><name value="Structures: Resource Profiles"/><description value="These define constraints on FHIR resources for systems conforming to this implementation guide"/></grouping><grouping id="-str-extension"><name value="Structures: Extension Definitions"/><description value="These define constraints on FHIR data types for systems conforming to this implementation guide"/></grouping><grouping id="-term-valueset"><name value="Terminology: Value Sets"/><description value="These define sets of codes used by systems conforming to this implementation guide"/></grouping><grouping id="-term-codesystem"><name value="Terminology: Code Systems"/><description value="These define new code systems used by systems conforming to this implementation guide"/></grouping><grouping id="-ex-example"><name value="Example: Example Instances"/><description value="These are example instances that show what data produced and consumed by systems conforming with this implementation guide might look like"/></grouping><resource><extension url="http://hl7.org/fhir/StructureDefinition/implementationguide-page"><valueUri value="StructureDefinition-AuditEventCl.html"/></extension><reference><reference value="StructureDefinition/AuditEventCl"/></reference><name value="Perfil para log de seguridad de acceso a recursos"/><description value="Perfil para genererar un recurso que permita desarrollar logs de auditoría en cuanto al acceso y manejo de recursos FHIR"/><exampleBoolean value="false"/><groupingId value="-str-profile"/></resource><resource><extension url="http://hl7.org/fhir/StructureDefinition/implementationguide-page"><valueUri value="StructureDefinition-BundleCl.html"/></extension><reference><reference value="StructureDefinition/BundleCl"/></reference><name value="BundleCL"/><description value="Este Perfil describe como debe ser el recurso Bundle que permite transportar una serie de recursos de PRescripción para  conformar una receta"/><exampleBoolean value="false"/><groupingId value="-str-profile"/></resource><resource><extension url="http://hl7.org/fhir/StructureDefinition/implementationguide-page"><valueUri value="StructureDefinition-CoreEspecialidadCl.html"/></extension><reference><reference value="StructureDefinition/CoreEspecialidadCl"/></reference><name value="Perfil utilizaco para asignar una o mas especialidades medicas a un prestador de salud."/><description value="Este Perfil ha sido desarrollado para cubrir las necesidades del Caso de Uso de Receta Electrónica. Sin embargo, se ha modelado con el fin de cubrir las necesidades nacionales de un Recurso de Especialidad Médica para la denominación de Prescriptor en Chile"/><exampleBoolean value="false"/><groupingId value="-str-profile"/></resource><resource><extension url="http://hl7.org/fhir/StructureDefinition/implementationguide-page"><valueUri value="StructureDefinition-CoreLocalizacionCl.html"/></extension><reference><reference value="StructureDefinition/CoreLocalizacionCl"/></reference><name value="Perfil de Localización de Objetos e Infraestructura"/><description value="Este perfil determina la ubicación especifica para un evento, objeto o Infraestructura específica. Este perfil permite vinlcular la localización especifica con una organización o espacio físico específico"/><exampleBoolean value="false"/><groupingId value="-str-profile"/></resource><resource><extension url="http://hl7.org/fhir/StructureDefinition/implementationguide-page"><valueUri value="StructureDefinition-CoreMedicamentoCl.html"/></extension><reference><reference value="StructureDefinition/CoreMedicamentoCl"/></reference><name value="Medicamento Core Nacional"/><description value="Este Perfil ha sido desarrollado para cubrir las necesidades del Caso de Uso de Receta Electrónica desde la visión del TFC que se usará para poder manejar farmacos ya registrados, y que deberán ser consultados por los prestadores a la hora de prescribir algno."/><exampleBoolean value="false"/><groupingId value="-str-profile"/></resource><resource><extension url="http://hl7.org/fhir/StructureDefinition/implementationguide-page"><valueUri value="StructureDefinition-CoreOrganizacionCl.html"/></extension><reference><reference value="StructureDefinition/CoreOrganizacionCl"/></reference><name value="Perfil de Organización de Salud en Chile"/><description value="Este Perfil ha sido desarrollado para cubrir las necesidades del Caso de Uso de Receta Electrónica. Sin embargo, se ha modelado para también cubrir las necesidades nacionales de un Recurso de Organzación en Salud"/><exampleBoolean value="false"/><groupingId value="-str-profile"/></resource><resource><extension url="http://hl7.org/fhir/StructureDefinition/implementationguide-page"><valueUri value="StructureDefinition-CorePacienteCl.html"/></extension><reference><reference value="StructureDefinition/CorePacienteCl"/></reference><name value="Perfil Paciente Para Core Nacional"/><description value="Este Perfil ha sido desarrollado para cubrir las necesidades del Caso de Uso de Receta Electrónica. Sin embargo, se ha modelado con el fin de cubrir las necesidades nacionales de un Recurso Paciente para un Historial Clínico Nacional"/><exampleBoolean value="false"/><groupingId value="-str-profile"/></resource><resource><extension url="http://hl7.org/fhir/StructureDefinition/implementationguide-page"><valueUri value="StructureDefinition-CorePrestadorCl.html"/></extension><reference><reference value="StructureDefinition/CorePrestadorCl"/></reference><name value="Prestador Core-CL"/><description value="Este Perfil fue creado para cubrir la descripción de un Prestador a nivel Nacional"/><exampleBoolean value="false"/><groupingId value="-str-profile"/></resource><resource><extension url="http://hl7.org/fhir/StructureDefinition/implementationguide-page"><valueUri value="StructureDefinition-ProvenanceCl.html"/></extension><reference><reference value="StructureDefinition/ProvenanceCl"/></reference><name value="Validación de la Procedencia de Recursos"/><description value="Este Perfil describe la forma de validación respecto a la procedencia de un recurso genrado durante un acto clínico."/><exampleBoolean value="false"/><groupingId value="-str-profile"/></resource><resource><extension url="http://hl7.org/fhir/StructureDefinition/implementationguide-page"><valueUri value="StructureDefinition-ComunasCl.html"/></extension><reference><reference value="StructureDefinition/ComunasCl"/></reference><name value="Códigos para Comunas en Chile"/><description value="Esta extensión que permite codiificar las Comunas en Chile en el campo de Dirección"/><exampleBoolean value="false"/><groupingId value="-str-extension"/></resource><resource><extension url="http://hl7.org/fhir/StructureDefinition/implementationguide-page"><valueUri value="StructureDefinition-IdContacto.html"/></extension><reference><reference value="StructureDefinition/IdContacto"/></reference><name value="Identificación del Contacto de un Paciente"/><description value="Identificación de contacto de paciente en especial para casos en los cuales este actúa como Tutor Legal"/><exampleBoolean value="false"/><groupingId value="-str-extension"/></resource><resource><extension url="http://hl7.org/fhir/StructureDefinition/implementationguide-page"><valueUri value="StructureDefinition-CodigoPaises.html"/></extension><reference><reference value="StructureDefinition/CodigoPaises"/></reference><name value="Codigo de Identificación de países"/><description value="Esta extensión incluye códigos de paises de origen"/><exampleBoolean value="false"/><groupingId value="-str-extension"/></resource><resource><extension url="http://hl7.org/fhir/StructureDefinition/implementationguide-page"><valueUri value="StructureDefinition-ProvinciasCl.html"/></extension><reference><reference value="StructureDefinition/ProvinciasCl"/></reference><name value="Códigos para Provincias en Chile"/><description value="Esta extensión que permite codificar las Provincias en Chile en el campo de Dirección"/><exampleBoolean value="false"/><groupingId value="-str-extension"/></resource><resource><extension url="http://hl7.org/fhir/StructureDefinition/implementationguide-page"><valueUri value="StructureDefinition-RegionesCl.html"/></extension><reference><reference value="StructureDefinition/RegionesCl"/></reference><name value="Códigos para Regiones en Chile"/><description value="Esta extensión que permite codificar las Regiones en Chile en el campo de Dirección"/><exampleBoolean value="false"/><groupingId value="-str-extension"/></resource><resource><extension url="http://hl7.org/fhir/StructureDefinition/implementationguide-page"><valueUri value="ValueSet-CodPais.html"/></extension><reference><reference value="ValueSet/CodPais"/></reference><name value="Códigos de Países"/><description value="Codigos definidos para la identificación de países segun norma ISO3166-N"/><exampleBoolean value="false"/><groupingId value="-term-valueset"/></resource><resource><extension url="http://hl7.org/fhir/StructureDefinition/implementationguide-page"><valueUri value="ValueSet-VSCodigosComunaCL.html"/></extension><reference><reference value="ValueSet/VSCodigosComunaCL"/></reference><name value="Códigos de Comunas en Chile"/><description value="Códigos de Comunas para Chile según Códigos Únicos Territoriales Actualizados, por Decreto exento No 817 del Ministerio del Interior"/><exampleBoolean value="false"/><groupingId value="-term-valueset"/></resource><resource><extension url="http://hl7.org/fhir/StructureDefinition/implementationguide-page"><valueUri value="ValueSet-VSCodigosProvinciasCL.html"/></extension><reference><reference value="ValueSet/VSCodigosProvinciasCL"/></reference><name value="Códigos de Provincias en Chile"/><description value="Códigos de Provincias para Chile según Códigos Únicos Territoriales Actualizados, por Decreto exento No 817 del Ministerio del Interior"/><exampleBoolean value="false"/><groupingId value="-term-valueset"/></resource><resource><extension url="http://hl7.org/fhir/StructureDefinition/implementationguide-page"><valueUri value="ValueSet-VSCodigosRegionesCL.html"/></extension><reference><reference value="ValueSet/VSCodigosRegionesCL"/></reference><name value="Códigos de Regiones en Chile"/><description value="Códigos de Regiones para Chile según Códigos Únicos Territoriales Actualizados, por Decreto exento No 817 del Ministerio del Interior"/><exampleBoolean value="false"/><groupingId value="-term-valueset"/></resource><resource><extension url="http://hl7.org/fhir/StructureDefinition/implementationguide-page"><valueUri value="ValueSet-VSEspecialidadesDeisCL.html"/></extension><reference><reference value="ValueSet/VSEspecialidadesDeisCL"/></reference><name value="Códigos de Especialidades"/><description value="Códigos de especialidades médicas descritas según DEIS"/><exampleBoolean value="false"/><groupingId value="-term-valueset"/></resource><resource><extension url="http://hl7.org/fhir/StructureDefinition/implementationguide-page"><valueUri value="ValueSet-VSTiposDocumentos.html"/></extension><reference><reference value="ValueSet/VSTiposDocumentos"/></reference><name value="Tipos de Documentos"/><description value="Tipos de Documentos para identificación según tabla HL7 V3 y CodeSystem local."/><exampleBoolean value="false"/><groupingId value="-term-valueset"/></resource><resource><extension url="http://hl7.org/fhir/StructureDefinition/implementationguide-page"><valueUri value="CodeSystem-CSCodComunasCL.html"/></extension><reference><reference value="CodeSystem/CSCodComunasCL"/></reference><name value="Códigos de Comunas en Chile"/><description value="Códigos de Comunas para Chile según Códigos Únicos Territoriales Actualizados, por Decreto exento No 817 del Ministerio del Interior"/><exampleBoolean value="false"/><groupingId value="-term-codesystem"/></resource><resource><extension url="http://hl7.org/fhir/StructureDefinition/implementationguide-page"><valueUri value="CodeSystem-CSCodProvinciasCL.html"/></extension><reference><reference value="CodeSystem/CSCodProvinciasCL"/></reference><name value="Códigos de Provincias en Chile"/><description value="Códigos de Provincias para Chile según Códigos Únicos Territoriales Actualizados, por Decreto exento No 817 del Ministerio del Interior"/><exampleBoolean value="false"/><groupingId value="-term-codesystem"/></resource><resource><extension url="http://hl7.org/fhir/StructureDefinition/implementationguide-page"><valueUri value="CodeSystem-CSCodRegionCL.html"/></extension><reference><reference value="CodeSystem/CSCodRegionCL"/></reference><name value="Códigos de Regiones en ChileEstos aún deben ser llevados a un ValueSet"/><description value="Códigos de Regiones para Chile según Códigos Únicos Territoriales Actualizados, por Decreto exento No 817 del Ministerio del Interior"/><exampleBoolean value="false"/><groupingId value="-term-codesystem"/></resource><resource><extension url="http://hl7.org/fhir/StructureDefinition/implementationguide-page"><valueUri value="CodeSystem-CSCodigoDNI.html"/></extension><reference><reference value="CodeSystem/CSCodigoDNI"/></reference><name value="Códigos de Documentos DNI para LATAM y el Caribe"/><description value="Códigos para los DNI de países de America Latina y el Caribe según indicaciones de VS HL7 de V3"/><exampleBoolean value="false"/><groupingId value="-term-codesystem"/></resource><resource><extension url="http://hl7.org/fhir/StructureDefinition/implementationguide-page"><valueUri value="CodeSystem-CSEspecialidadesDeisCL.html"/></extension><reference><reference value="CodeSystem/CSEspecialidadesDeisCL"/></reference><name value="Códigos de Especialidades"/><description value="Códigos de especialidades médicas descritas según DEIS"/><exampleBoolean value="false"/><groupingId value="-term-codesystem"/></resource><resource><extension url="http://hl7.org/fhir/StructureDefinition/implementationguide-page"><valueUri value="Practitioner-3240.html"/></extension><reference><reference value="Practitioner/3240"/></reference><name value="Ejemplo de Recurso Prestador como base para un Core Nacional"/><description value="Ejemplo de un Prestador no Real con identificadores en Systemas con API&quot;s no disponibles"/><exampleCanonical value="https://hl7chile.cl/fhir/ig/CoreCL/StructureDefinition/CorePrestadorCl"/><groupingId value="-ex-example"/></resource><resource><extension url="http://hl7.org/fhir/StructureDefinition/implementationguide-page"><valueUri value="AuditEvent-AuditEventEx.html"/></extension><reference><reference value="AuditEvent/AuditEventEx"/></reference><name value="Ejemplo de un Audit-Event Search."/><description value="Log de Audición de una operacion Search."/><exampleCanonical value="https://hl7chile.cl/fhir/ig/CoreCL/StructureDefinition/AuditEventCl"/><groupingId value="-ex-example"/></resource><resource><extension url="http://hl7.org/fhir/StructureDefinition/implementationguide-page"><valueUri value="Bundle-BundleEx.html"/></extension><reference><reference value="Bundle/BundleEx"/></reference><name value="Ejemplo Simple de Bundle de Transacción"/><description value="Bundle de Transacción con un recurso Practitioner y un Recurso Organization"/><exampleCanonical value="https://hl7chile.cl/fhir/ig/CoreCL/StructureDefinition/BundleCl"/><groupingId value="-ex-example"/></resource><resource><extension url="http://hl7.org/fhir/StructureDefinition/implementationguide-page"><valueUri value="Provenance-EjemplValidacionProvCl.html"/></extension><reference><reference value="Provenance/EjemplValidacionProvCl"/></reference><name value="Ejemplo de la Validación de una Receta por medio del Prescriptor"/><description value="Ejemplo de una Receta en Request Group que contiene una receta, en la cual el prestador que la ha desarollado genera una validación por medio de una firma"/><exampleCanonical value="https://hl7chile.cl/fhir/ig/CoreCL/StructureDefinition/ProvenanceCl"/><groupingId value="-ex-example"/></resource><resource><extension url="http://hl7.org/fhir/StructureDefinition/implementationguide-page"><valueUri value="PractitionerRole-EspecialidadCL.html"/></extension><reference><reference value="PractitionerRole/EspecialidadCL"/></reference><name value="Ejemplo de Recurso de especialidad"/><description value="Define el Rol de un Médico durante la Operación de un paciente en Urgencia"/><exampleCanonical value="https://hl7chile.cl/fhir/ig/CoreCL/StructureDefinition/CoreEspecialidadCl"/><groupingId value="-ex-example"/></resource><resource><extension url="http://hl7.org/fhir/StructureDefinition/implementationguide-page"><valueUri value="Location-LocalizacionEjemploCL1.html"/></extension><reference><reference value="Location/LocalizacionEjemploCL1"/></reference><name value="Ejemplo Localización Farmacia"/><description value="Ejemplo de la localización relacionada con una Farmacia específica ubicada en la comuna de Viña del Mar"/><exampleCanonical value="https://hl7chile.cl/fhir/ig/CoreCL/StructureDefinition/CoreLocalizacionCl"/><groupingId value="-ex-example"/></resource><resource><extension url="http://hl7.org/fhir/StructureDefinition/implementationguide-page"><valueUri value="Medication-MedicamentoCl.html"/></extension><reference><reference value="Medication/MedicamentoCl"/></reference><name value="Ejemplo de comprimido Tareg - D 160"/><description value="Medicamento comprimido Tareg -D160 referemciado como medicamento en la TFC, considerando el de 25 comprimidos"/><exampleCanonical value="https://hl7chile.cl/fhir/ig/CoreCL/StructureDefinition/CoreMedicamentoCl"/><groupingId value="-ex-example"/></resource><resource><extension url="http://hl7.org/fhir/StructureDefinition/implementationguide-page"><valueUri value="Medication-MedicamentoCl-2.html"/></extension><reference><reference value="Medication/MedicamentoCl-2"/></reference><name value="Hidroclorotiazida 25 mg + Valsartán 160 mg comprimido"/><description value="Definición de Hidroclorotiazida 25 mg + Valsartán 160 mg comprimido Código de descripción = 1703591000167111 y de Cocepto = 696681000167108 según TFC"/><exampleCanonical value="https://hl7chile.cl/fhir/ig/CoreCL/StructureDefinition/CoreMedicamentoCl"/><groupingId value="-ex-example"/></resource><resource><extension url="http://hl7.org/fhir/StructureDefinition/implementationguide-page"><valueUri value="Organization-ORG1.html"/></extension><reference><reference value="Organization/ORG1"/></reference><name value="Ejemplo Organización Prestadora de Salud"/><description value="CESFAM Rio Bueno (Ficticio) con ID DEIS no real"/><exampleCanonical value="https://hl7chile.cl/fhir/ig/CoreCL/StructureDefinition/CoreOrganizacionCl"/><groupingId value="-ex-example"/></resource><resource><extension url="http://hl7.org/fhir/StructureDefinition/implementationguide-page"><valueUri value="Patient-PacienteCL.html"/></extension><reference><reference value="Patient/PacienteCL"/></reference><name value="Ejemplo de Recurso Paciente Nacional"/><description value="Paciente ficticio nacional CI Chilena, sin sistema de validación &quot;http://regcivil.cl/Validacion/RUN&quot; ficticio , cuyo nombre se decribe mediante el oficial y uno social. La dirección tampoco es Real"/><exampleCanonical value="https://hl7chile.cl/fhir/ig/CoreCL/StructureDefinition/CorePacienteCl"/><groupingId value="-ex-example"/></resource><resource><extension url="http://hl7.org/fhir/StructureDefinition/implementationguide-page"><valueUri value="Patient-PacienteCL2.html"/></extension><reference><reference value="Patient/PacienteCL2"/></reference><name value="Ejemplo de Recurso Paciente Extranjero"/><description value="Paciente ficticio extrangero, con identificación Pasaporte de origen Salvadoreño sin sistema real de validación del número de Pasaporte."/><exampleCanonical value="https://hl7chile.cl/fhir/ig/CoreCL/StructureDefinition/CorePacienteCl"/><groupingId value="-ex-example"/></resource><resource><extension url="http://hl7.org/fhir/StructureDefinition/implementationguide-page"><valueUri value="Patient-PacienteCl-3.html"/></extension><reference><reference value="Patient/PacienteCl-3"/></reference><name value="Paciente Nacional, con datos actualizados, declarando nacionalidad"/><description value="Paciente ficticio nacional CI Chilena con sistema de validación no real, cuyo nombre es solo el oficial. La dirección tampoco es Real"/><exampleCanonical value="https://hl7chile.cl/fhir/ig/CoreCL/StructureDefinition/CorePacienteCl"/><groupingId value="-ex-example"/></resource><resource><extension url="http://hl7.org/fhir/StructureDefinition/implementationguide-page"><valueUri value="Patient-PacienteCl-4.html"/></extension><reference><reference value="Patient/PacienteCl-4"/></reference><name value="Ejemplo de Recurso de paciente Nacional con contacto declarado"/><description value="Paciente ficticio nacional CI Chilena, &#xA;     * sin sistema de validación \&quot;http://regcivil.cl/Validacion/RUN\&quot; ficticio , &#xA;     * cuyo nombre se decribe mediante el oficial y uno social. &#xA;     * La dirección tampoco es Real.&#xA;     * Se agrega al paciente un acompañante patiente."/><exampleCanonical value="https://hl7chile.cl/fhir/ig/CoreCL/StructureDefinition/CorePacienteCl"/><groupingId value="-ex-example"/></resource><resource><extension url="http://hl7.org/fhir/StructureDefinition/implementationguide-page"><valueUri value="Patient-PacienteCl-5.html"/></extension><reference><reference value="Patient/PacienteCl-5"/></reference><name value="Ejemplo de Recurso de paciente Nacional con contacto declarado y extensión en dirección"/><description value="Paciente ficticio nacional CI Chilena, &#xA;     * sin sistema de validación \&quot;http://regcivil.cl/Validacion/RUN\&quot; ficticio , &#xA;     * cuyo nombre se decribe mediante el oficial y uno social. &#xA;     * La dirección tampoco es Real.&#xA;     * Se agrega al paciente un acompañante patiente&#xA;     * La dirección se declara con códigos por extensión."/><exampleCanonical value="https://hl7chile.cl/fhir/ig/CoreCL/StructureDefinition/CorePacienteCl"/><groupingId value="-ex-example"/></resource><resource><extension url="http://hl7.org/fhir/StructureDefinition/implementationguide-page"><valueUri value="RequestGroup-RG12224.html"/></extension><reference><reference value="RequestGroup/RG12224"/></reference><name value="example"/><description value="Solo un ejemplo"/><exampleBoolean value="true"/><groupingId value="-ex-example"/></resource><page><nameUrl value="toc.html"/><title value="Table of Contents"/><generation value="html"/><page><nameUrl value="index.html"/><title value="Inicio"/><generation value="markdown"/></page><page><nameUrl value="Alcances-Objetivos.html"/><title value="Objetivos"/><generation value="markdown"/></page><page><nameUrl value="Aspectos-Generales.html"/><title value="Generalidades"/><generation value="markdown"/></page><page><nameUrl value="Consolidado-Operaciones.html"/><title value="Operaciones Básicas"/><generation value="markdown"/></page><page><nameUrl value="Extensiones.html"/><title value="Extensiones"/><generation value="markdown"/></page><page><nameUrl value="Set-De-Validacion-ValueSets.html"/><title value="CodeSystems/ValueSets"/><generation value="markdown"/></page><page><nameUrl value="Perfiles.html"/><title value="Perfiles"/><generation value="markdown"/></page><page><nameUrl value="Set-Ejemplos.html"/><title value="Ejemplos"/><generation value="markdown"/></page><page><nameUrl value="Todas-Descargas.html"/><title value="Descargas"/><generation value="markdown"/></page><page><nameUrl value="artifacts.html"/><title value="Resumen de artefactos"/><generation value="html"/><page><nameUrl value="StructureDefinition-AuditEventCl.html"/><title value="Perfil para log de seguridad de acceso a recursos"/><generation value="generated"/></page><page><nameUrl value="StructureDefinition-BundleCl.html"/><title value="BundleCL"/><generation value="generated"/></page><page><nameUrl value="StructureDefinition-CoreEspecialidadCl.html"/><title value="Perfil utilizaco para asignar una o mas especialidades medicas a un prestador de salud."/><generation value="generated"/></page><page><nameUrl value="StructureDefinition-CoreLocalizacionCl.html"/><title value="Perfil de Localización de Objetos e Infraestructura"/><generation value="generated"/></page><page><nameUrl value="StructureDefinition-CoreMedicamentoCl.html"/><title value="Medicamento Core Nacional"/><generation value="generated"/></page><page><nameUrl value="StructureDefinition-CoreOrganizacionCl.html"/><title value="Perfil de Organización de Salud en Chile"/><generation value="generated"/></page><page><nameUrl value="StructureDefinition-CorePacienteCl.html"/><title value="Perfil Paciente Para Core Nacional"/><generation value="generated"/></page><page><nameUrl value="StructureDefinition-CorePrestadorCl.html"/><title value="Prestador Core-CL"/><generation value="generated"/></page><page><nameUrl value="StructureDefinition-ProvenanceCl.html"/><title value="Validación de la Procedencia de Recursos"/><generation value="generated"/></page><page><nameUrl value="StructureDefinition-ComunasCl.html"/><title value="Códigos para Comunas en Chile"/><generation value="generated"/></page><page><nameUrl value="StructureDefinition-IdContacto.html"/><title value="Identificación del Contacto de un Paciente"/><generation value="generated"/></page><page><nameUrl value="StructureDefinition-CodigoPaises.html"/><title value="Codigo de Identificación de países"/><generation value="generated"/></page><page><nameUrl value="StructureDefinition-ProvinciasCl.html"/><title value="Códigos para Provincias en Chile"/><generation value="generated"/></page><page><nameUrl value="StructureDefinition-RegionesCl.html"/><title value="Códigos para Regiones en Chile"/><generation value="generated"/></page><page><nameUrl value="ValueSet-CodPais.html"/><title value="Códigos de Países"/><generation value="generated"/></page><page><nameUrl value="ValueSet-VSCodigosComunaCL.html"/><title value="Códigos de Comunas en Chile"/><generation value="generated"/></page><page><nameUrl value="ValueSet-VSCodigosProvinciasCL.html"/><title value="Códigos de Provincias en Chile"/><generation value="generated"/></page><page><nameUrl value="ValueSet-VSCodigosRegionesCL.html"/><title value="Códigos de Regiones en Chile"/><generation value="generated"/></page><page><nameUrl value="ValueSet-VSEspecialidadesDeisCL.html"/><title value="Códigos de Especialidades"/><generation value="generated"/></page><page><nameUrl value="ValueSet-VSTiposDocumentos.html"/><title value="Tipos de Documentos"/><generation value="generated"/></page><page><nameUrl value="CodeSystem-CSCodComunasCL.html"/><title value="Códigos de Comunas en Chile"/><generation value="generated"/></page><page><nameUrl value="CodeSystem-CSCodProvinciasCL.html"/><title value="Códigos de Provincias en Chile"/><generation value="generated"/></page><page><nameUrl value="CodeSystem-CSCodRegionCL.html"/><title value="Códigos de Regiones en ChileEstos aún deben ser llevados a un ValueSet"/><generation value="generated"/></page><page><nameUrl value="CodeSystem-CSCodigoDNI.html"/><title value="Códigos de Documentos DNI para LATAM y el Caribe"/><generation value="generated"/></page><page><nameUrl value="CodeSystem-CSEspecialidadesDeisCL.html"/><title value="Códigos de Especialidades"/><generation value="generated"/></page><page><nameUrl value="Practitioner-3240.html"/><title value="Ejemplo de Recurso Prestador como base para un Core Nacional"/><generation value="generated"/></page><page><nameUrl value="AuditEvent-AuditEventEx.html"/><title value="Ejemplo de un Audit-Event Search."/><generation value="generated"/></page><page><nameUrl value="Bundle-BundleEx.html"/><title value="Ejemplo Simple de Bundle de Transacción"/><generation value="generated"/></page><page><nameUrl value="Provenance-EjemplValidacionProvCl.html"/><title value="Ejemplo de la Validación de una Receta por medio del Prescriptor"/><generation value="generated"/></page><page><nameUrl value="PractitionerRole-EspecialidadCL.html"/><title value="Ejemplo de Recurso de especialidad"/><generation value="generated"/></page><page><nameUrl value="Location-LocalizacionEjemploCL1.html"/><title value="Ejemplo Localización Farmacia"/><generation value="generated"/></page><page><nameUrl value="Medication-MedicamentoCl.html"/><title value="Ejemplo de comprimido Tareg - D 160"/><generation value="generated"/></page><page><nameUrl value="Medication-MedicamentoCl-2.html"/><title value="Hidroclorotiazida 25 mg + Valsartán 160 mg comprimido"/><generation value="generated"/></page><page><nameUrl value="Organization-ORG1.html"/><title value="Ejemplo Organización Prestadora de Salud"/><generation value="generated"/></page><page><nameUrl value="Patient-PacienteCL.html"/><title value="Ejemplo de Recurso Paciente Nacional"/><generation value="generated"/></page><page><nameUrl value="Patient-PacienteCL2.html"/><title value="Ejemplo de Recurso Paciente Extranjero"/><generation value="generated"/></page><page><nameUrl value="Patient-PacienteCl-3.html"/><title value="Paciente Nacional, con datos actualizados, declarando nacionalidad"/><generation value="generated"/></page><page><nameUrl value="Patient-PacienteCl-4.html"/><title value="Ejemplo de Recurso de paciente Nacional con contacto declarado"/><generation value="generated"/></page><page><nameUrl value="Patient-PacienteCl-5.html"/><title value="Ejemplo de Recurso de paciente Nacional con contacto declarado y extensión en dirección"/><generation value="generated"/></page><page><nameUrl value="RequestGroup-RG12224.html"/><title value="example"/><generation value="generated"/></page></page></page><parameter><code value="path-resource"/><value value="input/capabilities"/></parameter><parameter><code value="path-resource"/><value value="input/examples"/></parameter><parameter><code value="path-resource"/><value value="input/extensions"/></parameter><parameter><code value="path-resource"/><value value="input/models"/></parameter><parameter><code value="path-resource"/><value value="input/operations"/></parameter><parameter><code value="path-resource"/><value value="input/profiles"/></parameter><parameter><code value="path-resource"/><value value="input/resources"/></parameter><parameter><code value="path-resource"/><value value="input/vocabulary"/></parameter><parameter><code value="path-resource"/><value value="input/maps"/></parameter><parameter><code value="path-resource"/><value value="input/testing"/></parameter><parameter><code value="path-resource"/><value value="input/history"/></parameter><parameter><code value="path-resource"/><value value="fsh-generated/resources"/></parameter><parameter><code value="path-pages"/><value value="template/config"/></parameter><parameter><code value="path-pages"/><value value="input/images"/></parameter><parameter><code value="path-tx-cache"/><value value="input-cache/txcache"/></parameter></definition></ImplementationGuide>