{
  "resourceType": "CodeSystem",
  "id": "CSEspecialidadesDeisCL",
  "text": {
    "status": "generated",
    "div": "<div xmlns=\"http://www.w3.org/1999/xhtml\"><p>This code system https://hl7chile.cl/fhir/ig/CoreCL/CodeSystem/CSEspecialidadesDeisCL defines the following codes:</p><table class=\"codes\"><tr><td style=\"white-space:nowrap\"><b>Code</b></td><td><b>Display</b></td></tr><tr><td style=\"white-space:nowrap\">01<a name=\"CSEspecialidadesDeisCL-01\"> </a></td><td>Anatomía Patológica</td></tr><tr><td style=\"white-space:nowrap\">02<a name=\"CSEspecialidadesDeisCL-02\"> </a></td><td>Anestesiología</td></tr><tr><td style=\"white-space:nowrap\">03<a name=\"CSEspecialidadesDeisCL-03\"> </a></td><td>Cardiología</td></tr><tr><td style=\"white-space:nowrap\">04<a name=\"CSEspecialidadesDeisCL-04\"> </a></td><td>Cirugía General</td></tr><tr><td style=\"white-space:nowrap\">05<a name=\"CSEspecialidadesDeisCL-05\"> </a></td><td>Cirugía de Cabeza, Cuello y Maxilofacial</td></tr><tr><td style=\"white-space:nowrap\">06<a name=\"CSEspecialidadesDeisCL-06\"> </a></td><td>Cirugía Cardiovascular</td></tr><tr><td style=\"white-space:nowrap\">07<a name=\"CSEspecialidadesDeisCL-07\"> </a></td><td>Cirugía  de Tórax</td></tr><tr><td style=\"white-space:nowrap\">08<a name=\"CSEspecialidadesDeisCL-08\"> </a></td><td>Cirugía Plástica y Reparadora</td></tr><tr><td style=\"white-space:nowrap\">09<a name=\"CSEspecialidadesDeisCL-09\"> </a></td><td>Cirugía Pediátrica</td></tr><tr><td style=\"white-space:nowrap\">10<a name=\"CSEspecialidadesDeisCL-10\"> </a></td><td>Cirugía Vascular Periférica</td></tr><tr><td style=\"white-space:nowrap\">11<a name=\"CSEspecialidadesDeisCL-11\"> </a></td><td>Coloproctología</td></tr><tr><td style=\"white-space:nowrap\">12<a name=\"CSEspecialidadesDeisCL-12\"> </a></td><td>Dermatología</td></tr><tr><td style=\"white-space:nowrap\">13<a name=\"CSEspecialidadesDeisCL-13\"> </a></td><td>Diabetología</td></tr><tr><td style=\"white-space:nowrap\">14<a name=\"CSEspecialidadesDeisCL-14\"> </a></td><td>Endocrinología Adulto</td></tr><tr><td style=\"white-space:nowrap\">15<a name=\"CSEspecialidadesDeisCL-15\"> </a></td><td>Endocrinología Pediatrica</td></tr><tr><td style=\"white-space:nowrap\">16<a name=\"CSEspecialidadesDeisCL-16\"> </a></td><td>Enfermedades Respiratorias del Adulto (Broncopulmonar)</td></tr><tr><td style=\"white-space:nowrap\">17<a name=\"CSEspecialidadesDeisCL-17\"> </a></td><td>Enfermedades Respiratorias Pediátricas(Broncopulmonar Pediátrico)</td></tr><tr><td style=\"white-space:nowrap\">18<a name=\"CSEspecialidadesDeisCL-18\"> </a></td><td>Gastroenterología Adulto</td></tr><tr><td style=\"white-space:nowrap\">19<a name=\"CSEspecialidadesDeisCL-19\"> </a></td><td>Gastroenterología Pediátrica</td></tr><tr><td style=\"white-space:nowrap\">20<a name=\"CSEspecialidadesDeisCL-20\"> </a></td><td>Genética Clínica</td></tr><tr><td style=\"white-space:nowrap\">21<a name=\"CSEspecialidadesDeisCL-21\"> </a></td><td>Geriatría</td></tr><tr><td style=\"white-space:nowrap\">22<a name=\"CSEspecialidadesDeisCL-22\"> </a></td><td>Ginecología Pediátrica y de la Adolescencia</td></tr><tr><td style=\"white-space:nowrap\">23<a name=\"CSEspecialidadesDeisCL-23\"> </a></td><td>Hematología</td></tr><tr><td style=\"white-space:nowrap\">24<a name=\"CSEspecialidadesDeisCL-24\"> </a></td><td>Imagenología</td></tr><tr><td style=\"white-space:nowrap\">25<a name=\"CSEspecialidadesDeisCL-25\"> </a></td><td>Infectología</td></tr><tr><td style=\"white-space:nowrap\">26<a name=\"CSEspecialidadesDeisCL-26\"> </a></td><td>Inmunología</td></tr><tr><td style=\"white-space:nowrap\">27<a name=\"CSEspecialidadesDeisCL-27\"> </a></td><td>Laboratorio Clínico</td></tr><tr><td style=\"white-space:nowrap\">28<a name=\"CSEspecialidadesDeisCL-28\"> </a></td><td>Medicina Familiar</td></tr><tr><td style=\"white-space:nowrap\">29<a name=\"CSEspecialidadesDeisCL-29\"> </a></td><td>Medicina Física y Rehabilitación (Fisiatria Adulto)</td></tr><tr><td style=\"white-space:nowrap\">30<a name=\"CSEspecialidadesDeisCL-30\"> </a></td><td>Medicina Interna</td></tr><tr><td style=\"white-space:nowrap\">31<a name=\"CSEspecialidadesDeisCL-31\"> </a></td><td>Medicina Intensiva Adulto</td></tr><tr><td style=\"white-space:nowrap\">32<a name=\"CSEspecialidadesDeisCL-32\"> </a></td><td>Medicina Intensiva Pediátrica</td></tr><tr><td style=\"white-space:nowrap\">33<a name=\"CSEspecialidadesDeisCL-33\"> </a></td><td>Medicina Legal</td></tr><tr><td style=\"white-space:nowrap\">34<a name=\"CSEspecialidadesDeisCL-34\"> </a></td><td>Medicina Materno Infantil</td></tr><tr><td style=\"white-space:nowrap\">35<a name=\"CSEspecialidadesDeisCL-35\"> </a></td><td>Medicina Nuclear</td></tr><tr><td style=\"white-space:nowrap\">36<a name=\"CSEspecialidadesDeisCL-36\"> </a></td><td>Medicina de Urgencia</td></tr><tr><td style=\"white-space:nowrap\">37<a name=\"CSEspecialidadesDeisCL-37\"> </a></td><td>Nefrología Adulto</td></tr><tr><td style=\"white-space:nowrap\">38<a name=\"CSEspecialidadesDeisCL-38\"> </a></td><td>Nefrología Pediátrico</td></tr><tr><td style=\"white-space:nowrap\">39<a name=\"CSEspecialidadesDeisCL-39\"> </a></td><td>Neonatología</td></tr><tr><td style=\"white-space:nowrap\">40<a name=\"CSEspecialidadesDeisCL-40\"> </a></td><td>Neurocirugía</td></tr><tr><td style=\"white-space:nowrap\">41<a name=\"CSEspecialidadesDeisCL-41\"> </a></td><td>Neurología Adulto</td></tr><tr><td style=\"white-space:nowrap\">42<a name=\"CSEspecialidadesDeisCL-42\"> </a></td><td>Neurología Pediátrica</td></tr><tr><td style=\"white-space:nowrap\">43<a name=\"CSEspecialidadesDeisCL-43\"> </a></td><td>Obstetricia y Ginecología</td></tr><tr><td style=\"white-space:nowrap\">44<a name=\"CSEspecialidadesDeisCL-44\"> </a></td><td>Oftalmología</td></tr><tr><td style=\"white-space:nowrap\">45<a name=\"CSEspecialidadesDeisCL-45\"> </a></td><td>Oncología Médica</td></tr><tr><td style=\"white-space:nowrap\">46<a name=\"CSEspecialidadesDeisCL-46\"> </a></td><td>Otorrinolaringología</td></tr><tr><td style=\"white-space:nowrap\">47<a name=\"CSEspecialidadesDeisCL-47\"> </a></td><td>Pediatría</td></tr><tr><td style=\"white-space:nowrap\">48<a name=\"CSEspecialidadesDeisCL-48\"> </a></td><td>Psiquiatría Adulto</td></tr><tr><td style=\"white-space:nowrap\">49<a name=\"CSEspecialidadesDeisCL-49\"> </a></td><td>Psiquiatría Pediátrica y de la Adolescencia</td></tr><tr><td style=\"white-space:nowrap\">50<a name=\"CSEspecialidadesDeisCL-50\"> </a></td><td>Radioterapia Oncológica</td></tr><tr><td style=\"white-space:nowrap\">51<a name=\"CSEspecialidadesDeisCL-51\"> </a></td><td>Reumatología</td></tr><tr><td style=\"white-space:nowrap\">52<a name=\"CSEspecialidadesDeisCL-52\"> </a></td><td>Salud Pública</td></tr><tr><td style=\"white-space:nowrap\">53<a name=\"CSEspecialidadesDeisCL-53\"> </a></td><td>Traumatología y Ortopedia</td></tr><tr><td style=\"white-space:nowrap\">54<a name=\"CSEspecialidadesDeisCL-54\"> </a></td><td>Urología</td></tr><tr><td style=\"white-space:nowrap\">55<a name=\"CSEspecialidadesDeisCL-55\"> </a></td><td>Cardiología Pediátrica</td></tr><tr><td style=\"white-space:nowrap\">56<a name=\"CSEspecialidadesDeisCL-56\"> </a></td><td>Cirugía Digestiva</td></tr><tr><td style=\"white-space:nowrap\">57<a name=\"CSEspecialidadesDeisCL-57\"> </a></td><td>Cirugía Plástica y Reparadora Pediátrica</td></tr><tr><td style=\"white-space:nowrap\">58<a name=\"CSEspecialidadesDeisCL-58\"> </a></td><td>Ginecología</td></tr><tr><td style=\"white-space:nowrap\">59<a name=\"CSEspecialidadesDeisCL-59\"> </a></td><td>Hemato-Oncología Pediátrica</td></tr><tr><td style=\"white-space:nowrap\">60<a name=\"CSEspecialidadesDeisCL-60\"> </a></td><td>Infectología Pediátrica</td></tr><tr><td style=\"white-space:nowrap\">61<a name=\"CSEspecialidadesDeisCL-61\"> </a></td><td>Medicina Familiar del Niño</td></tr><tr><td style=\"white-space:nowrap\">62<a name=\"CSEspecialidadesDeisCL-62\"> </a></td><td>Medicina Física y Rehabilitación Pediátrica (Fisiatría Pediátrica)</td></tr><tr><td style=\"white-space:nowrap\">63<a name=\"CSEspecialidadesDeisCL-63\"> </a></td><td>Nutriólogo</td></tr><tr><td style=\"white-space:nowrap\">64<a name=\"CSEspecialidadesDeisCL-64\"> </a></td><td>Nutriólogo Pediátrico</td></tr><tr><td style=\"white-space:nowrap\">65<a name=\"CSEspecialidadesDeisCL-65\"> </a></td><td>Reumatología Pediátrica</td></tr><tr><td style=\"white-space:nowrap\">66<a name=\"CSEspecialidadesDeisCL-66\"> </a></td><td>Obstetricia</td></tr><tr><td style=\"white-space:nowrap\">67<a name=\"CSEspecialidadesDeisCL-67\"> </a></td><td>Traumatología y Ortopedia Pediátrica</td></tr><tr><td style=\"white-space:nowrap\">68<a name=\"CSEspecialidadesDeisCL-68\"> </a></td><td>Urología Pediátrica</td></tr></table></div>"
  },
  "url": "https://hl7chile.cl/fhir/ig/CoreCL/CodeSystem/CSEspecialidadesDeisCL",
  "version": "1.3.0",
  "name": "CSEspecialidadesDeisCL",
  "title": "Códigos de Especialidades",
  "status": "active",
  "date": "2022-01-18T00:00:00-03:00",
  "publisher": "HL7 Chile",
  "contact": [
    {
      "name": "HL7 Chile",
      "telecom": [
        {
          "system": "url",
          "value": "http://hl7chile.cl"
        },
        {
          "system": "email",
          "value": "chair@hl7chile.cl"
        }
      ]
    }
  ],
  "description": "Códigos de especialidades médicas descritas según DEIS",
  "jurisdiction": [
    {
      "coding": [
        {
          "system": "urn:iso:std:iso:3166",
          "code": "CL",
          "display": "Chile"
        }
      ]
    }
  ],
  "copyright": "Usado con el permiso de HL7 International, todos los derechos resevados en los Licencias de HL7 Internacional.",
  "content": "complete",
  "count": 68,
  "concept": [
    {
      "code": "01",
      "display": "Anatomía Patológica"
    },
    {
      "code": "02",
      "display": "Anestesiología"
    },
    {
      "code": "03",
      "display": "Cardiología"
    },
    {
      "code": "04",
      "display": "Cirugía General"
    },
    {
      "code": "05",
      "display": "Cirugía de Cabeza, Cuello y Maxilofacial"
    },
    {
      "code": "06",
      "display": "Cirugía Cardiovascular"
    },
    {
      "code": "07",
      "display": "Cirugía  de Tórax"
    },
    {
      "code": "08",
      "display": "Cirugía Plástica y Reparadora"
    },
    {
      "code": "09",
      "display": "Cirugía Pediátrica"
    },
    {
      "code": "10",
      "display": "Cirugía Vascular Periférica"
    },
    {
      "code": "11",
      "display": "Coloproctología"
    },
    {
      "code": "12",
      "display": "Dermatología"
    },
    {
      "code": "13",
      "display": "Diabetología"
    },
    {
      "code": "14",
      "display": "Endocrinología Adulto"
    },
    {
      "code": "15",
      "display": "Endocrinología Pediatrica"
    },
    {
      "code": "16",
      "display": "Enfermedades Respiratorias del Adulto (Broncopulmonar)"
    },
    {
      "code": "17",
      "display": "Enfermedades Respiratorias Pediátricas(Broncopulmonar Pediátrico)"
    },
    {
      "code": "18",
      "display": "Gastroenterología Adulto"
    },
    {
      "code": "19",
      "display": "Gastroenterología Pediátrica"
    },
    {
      "code": "20",
      "display": "Genética Clínica"
    },
    {
      "code": "21",
      "display": "Geriatría"
    },
    {
      "code": "22",
      "display": "Ginecología Pediátrica y de la Adolescencia"
    },
    {
      "code": "23",
      "display": "Hematología"
    },
    {
      "code": "24",
      "display": "Imagenología"
    },
    {
      "code": "25",
      "display": "Infectología"
    },
    {
      "code": "26",
      "display": "Inmunología"
    },
    {
      "code": "27",
      "display": "Laboratorio Clínico"
    },
    {
      "code": "28",
      "display": "Medicina Familiar"
    },
    {
      "code": "29",
      "display": "Medicina Física y Rehabilitación (Fisiatria Adulto)"
    },
    {
      "code": "30",
      "display": "Medicina Interna"
    },
    {
      "code": "31",
      "display": "Medicina Intensiva Adulto"
    },
    {
      "code": "32",
      "display": "Medicina Intensiva Pediátrica"
    },
    {
      "code": "33",
      "display": "Medicina Legal"
    },
    {
      "code": "34",
      "display": "Medicina Materno Infantil"
    },
    {
      "code": "35",
      "display": "Medicina Nuclear"
    },
    {
      "code": "36",
      "display": "Medicina de Urgencia"
    },
    {
      "code": "37",
      "display": "Nefrología Adulto"
    },
    {
      "code": "38",
      "display": "Nefrología Pediátrico"
    },
    {
      "code": "39",
      "display": "Neonatología"
    },
    {
      "code": "40",
      "display": "Neurocirugía"
    },
    {
      "code": "41",
      "display": "Neurología Adulto"
    },
    {
      "code": "42",
      "display": "Neurología Pediátrica"
    },
    {
      "code": "43",
      "display": "Obstetricia y Ginecología"
    },
    {
      "code": "44",
      "display": "Oftalmología"
    },
    {
      "code": "45",
      "display": "Oncología Médica"
    },
    {
      "code": "46",
      "display": "Otorrinolaringología"
    },
    {
      "code": "47",
      "display": "Pediatría"
    },
    {
      "code": "48",
      "display": "Psiquiatría Adulto"
    },
    {
      "code": "49",
      "display": "Psiquiatría Pediátrica y de la Adolescencia"
    },
    {
      "code": "50",
      "display": "Radioterapia Oncológica"
    },
    {
      "code": "51",
      "display": "Reumatología"
    },
    {
      "code": "52",
      "display": "Salud Pública"
    },
    {
      "code": "53",
      "display": "Traumatología y Ortopedia"
    },
    {
      "code": "54",
      "display": "Urología"
    },
    {
      "code": "55",
      "display": "Cardiología Pediátrica"
    },
    {
      "code": "56",
      "display": "Cirugía Digestiva"
    },
    {
      "code": "57",
      "display": "Cirugía Plástica y Reparadora Pediátrica"
    },
    {
      "code": "58",
      "display": "Ginecología"
    },
    {
      "code": "59",
      "display": "Hemato-Oncología Pediátrica"
    },
    {
      "code": "60",
      "display": "Infectología Pediátrica"
    },
    {
      "code": "61",
      "display": "Medicina Familiar del Niño"
    },
    {
      "code": "62",
      "display": "Medicina Física y Rehabilitación Pediátrica (Fisiatría Pediátrica)"
    },
    {
      "code": "63",
      "display": "Nutriólogo"
    },
    {
      "code": "64",
      "display": "Nutriólogo Pediátrico"
    },
    {
      "code": "65",
      "display": "Reumatología Pediátrica"
    },
    {
      "code": "66",
      "display": "Obstetricia"
    },
    {
      "code": "67",
      "display": "Traumatología y Ortopedia Pediátrica"
    },
    {
      "code": "68",
      "display": "Urología Pediátrica"
    }
  ]
}