{
  "resourceType": "CodeSystem",
  "id": "CSCodProvinciasCL",
  "text": {
    "status": "generated",
    "div": "<div xmlns=\"http://www.w3.org/1999/xhtml\"><p>This code system https://hl7chile.cl/fhir/ig/CoreCL/CodeSystem/CSCodProvinciasCL defines the following codes:</p><table class=\"codes\"><tr><td style=\"white-space:nowrap\"><b>Code</b></td><td><b>Display</b></td></tr><tr><td style=\"white-space:nowrap\">122<a name=\"CSCodProvinciasCL-122\"> </a></td><td>Antártica Chilena</td></tr><tr><td style=\"white-space:nowrap\">021<a name=\"CSCodProvinciasCL-021\"> </a></td><td>Antofagasta</td></tr><tr><td style=\"white-space:nowrap\">082<a name=\"CSCodProvinciasCL-082\"> </a></td><td>Arauco</td></tr><tr><td style=\"white-space:nowrap\">151<a name=\"CSCodProvinciasCL-151\"> </a></td><td>Arica</td></tr><tr><td style=\"white-space:nowrap\">112<a name=\"CSCodProvinciasCL-112\"> </a></td><td>Aysén</td></tr><tr><td style=\"white-space:nowrap\">083<a name=\"CSCodProvinciasCL-083\"> </a></td><td>Biobío</td></tr><tr><td style=\"white-space:nowrap\">061<a name=\"CSCodProvinciasCL-061\"> </a></td><td>Cachapoal</td></tr><tr><td style=\"white-space:nowrap\">113<a name=\"CSCodProvinciasCL-113\"> </a></td><td>Capitán Prat</td></tr><tr><td style=\"white-space:nowrap\">062<a name=\"CSCodProvinciasCL-062\"> </a></td><td>Cardenal Caro</td></tr><tr><td style=\"white-space:nowrap\">072<a name=\"CSCodProvinciasCL-072\"> </a></td><td>Cauquenes</td></tr><tr><td style=\"white-space:nowrap\">091<a name=\"CSCodProvinciasCL-091\"> </a></td><td>Cautín</td></tr><tr><td style=\"white-space:nowrap\">133<a name=\"CSCodProvinciasCL-133\"> </a></td><td>Chacabuco</td></tr><tr><td style=\"white-space:nowrap\">032<a name=\"CSCodProvinciasCL-032\"> </a></td><td>Chañaral</td></tr><tr><td style=\"white-space:nowrap\">102<a name=\"CSCodProvinciasCL-102\"> </a></td><td>Chiloé</td></tr><tr><td style=\"white-space:nowrap\">042<a name=\"CSCodProvinciasCL-042\"> </a></td><td>Choapa</td></tr><tr><td style=\"white-space:nowrap\">111<a name=\"CSCodProvinciasCL-111\"> </a></td><td>Coihaique</td></tr><tr><td style=\"white-space:nowrap\">063<a name=\"CSCodProvinciasCL-063\"> </a></td><td>Colchagua</td></tr><tr><td style=\"white-space:nowrap\">081<a name=\"CSCodProvinciasCL-081\"> </a></td><td>Concepción</td></tr><tr><td style=\"white-space:nowrap\">031<a name=\"CSCodProvinciasCL-031\"> </a></td><td>Copiapó</td></tr><tr><td style=\"white-space:nowrap\">132<a name=\"CSCodProvinciasCL-132\"> </a></td><td>Cordillera</td></tr><tr><td style=\"white-space:nowrap\">073<a name=\"CSCodProvinciasCL-073\"> </a></td><td>Curicó</td></tr><tr><td style=\"white-space:nowrap\">161<a name=\"CSCodProvinciasCL-161\"> </a></td><td>Diguillín</td></tr><tr><td style=\"white-space:nowrap\">022<a name=\"CSCodProvinciasCL-022\"> </a></td><td>El Loa</td></tr><tr><td style=\"white-space:nowrap\">041<a name=\"CSCodProvinciasCL-041\"> </a></td><td>Elqui</td></tr><tr><td style=\"white-space:nowrap\">114<a name=\"CSCodProvinciasCL-114\"> </a></td><td>General Carrera</td></tr><tr><td style=\"white-space:nowrap\">033<a name=\"CSCodProvinciasCL-033\"> </a></td><td>Huasco</td></tr><tr><td style=\"white-space:nowrap\">011<a name=\"CSCodProvinciasCL-011\"> </a></td><td>Iquique</td></tr><tr><td style=\"white-space:nowrap\">052<a name=\"CSCodProvinciasCL-052\"> </a></td><td>Isla de Pascua</td></tr><tr><td style=\"white-space:nowrap\">162<a name=\"CSCodProvinciasCL-162\"> </a></td><td>Itata</td></tr><tr><td style=\"white-space:nowrap\">043<a name=\"CSCodProvinciasCL-043\"> </a></td><td>Limarí</td></tr><tr><td style=\"white-space:nowrap\">074<a name=\"CSCodProvinciasCL-074\"> </a></td><td>Linares</td></tr><tr><td style=\"white-space:nowrap\">101<a name=\"CSCodProvinciasCL-101\"> </a></td><td>Llanquihue</td></tr><tr><td style=\"white-space:nowrap\">053<a name=\"CSCodProvinciasCL-053\"> </a></td><td>Los Andes</td></tr><tr><td style=\"white-space:nowrap\">121<a name=\"CSCodProvinciasCL-121\"> </a></td><td>Magallanes</td></tr><tr><td style=\"white-space:nowrap\">134<a name=\"CSCodProvinciasCL-134\"> </a></td><td>Maipo</td></tr><tr><td style=\"white-space:nowrap\">092<a name=\"CSCodProvinciasCL-092\"> </a></td><td>Malleco</td></tr><tr><td style=\"white-space:nowrap\">058<a name=\"CSCodProvinciasCL-058\"> </a></td><td>Marga Marga</td></tr><tr><td style=\"white-space:nowrap\">135<a name=\"CSCodProvinciasCL-135\"> </a></td><td>Melipilla</td></tr><tr><td style=\"white-space:nowrap\">103<a name=\"CSCodProvinciasCL-103\"> </a></td><td>Osorno</td></tr><tr><td style=\"white-space:nowrap\">104<a name=\"CSCodProvinciasCL-104\"> </a></td><td>Palena</td></tr><tr><td style=\"white-space:nowrap\">152<a name=\"CSCodProvinciasCL-152\"> </a></td><td>Parinacota</td></tr><tr><td style=\"white-space:nowrap\">054<a name=\"CSCodProvinciasCL-054\"> </a></td><td>Petorca</td></tr><tr><td style=\"white-space:nowrap\">163<a name=\"CSCodProvinciasCL-163\"> </a></td><td>Punilla</td></tr><tr><td style=\"white-space:nowrap\">055<a name=\"CSCodProvinciasCL-055\"> </a></td><td>Quillota</td></tr><tr><td style=\"white-space:nowrap\">142<a name=\"CSCodProvinciasCL-142\"> </a></td><td>Ranco</td></tr><tr><td style=\"white-space:nowrap\">056<a name=\"CSCodProvinciasCL-056\"> </a></td><td>San Antonio</td></tr><tr><td style=\"white-space:nowrap\">057<a name=\"CSCodProvinciasCL-057\"> </a></td><td>San Felipe de Aconcagua</td></tr><tr><td style=\"white-space:nowrap\">131<a name=\"CSCodProvinciasCL-131\"> </a></td><td>Santiago</td></tr><tr><td style=\"white-space:nowrap\">136<a name=\"CSCodProvinciasCL-136\"> </a></td><td>Talagante</td></tr><tr><td style=\"white-space:nowrap\">071<a name=\"CSCodProvinciasCL-071\"> </a></td><td>Talca</td></tr><tr><td style=\"white-space:nowrap\">014<a name=\"CSCodProvinciasCL-014\"> </a></td><td>Tamarugal</td></tr><tr><td style=\"white-space:nowrap\">123<a name=\"CSCodProvinciasCL-123\"> </a></td><td>Tierra del Fuego</td></tr><tr><td style=\"white-space:nowrap\">023<a name=\"CSCodProvinciasCL-023\"> </a></td><td>Tocopilla</td></tr><tr><td style=\"white-space:nowrap\">124<a name=\"CSCodProvinciasCL-124\"> </a></td><td>última Esperanza</td></tr><tr><td style=\"white-space:nowrap\">141<a name=\"CSCodProvinciasCL-141\"> </a></td><td>Valdivia</td></tr><tr><td style=\"white-space:nowrap\">051<a name=\"CSCodProvinciasCL-051\"> </a></td><td>Valparaíso</td></tr></table></div>"
  },
  "url": "https://hl7chile.cl/fhir/ig/CoreCL/CodeSystem/CSCodProvinciasCL",
  "version": "1.3.0",
  "name": "CSCodProvinciasCL",
  "title": "Códigos de Provincias en Chile",
  "status": "active",
  "date": "2022-01-18T00:00:00-03:00",
  "publisher": "HL7 Chile",
  "contact": [
    {
      "name": "HL7 Chile",
      "telecom": [
        {
          "system": "url",
          "value": "http://hl7chile.cl"
        },
        {
          "system": "email",
          "value": "chair@hl7chile.cl"
        }
      ]
    }
  ],
  "description": "Códigos de Provincias para Chile según Códigos Únicos Territoriales Actualizados, por Decreto exento No 817 del Ministerio del Interior",
  "jurisdiction": [
    {
      "coding": [
        {
          "system": "urn:iso:std:iso:3166",
          "code": "CL",
          "display": "Chile"
        }
      ]
    }
  ],
  "copyright": "Usado con el permiso de HL7 International, todos los derechos resevados en los Licencias de HL7 Internacional.",
  "content": "complete",
  "count": 56,
  "concept": [
    {
      "code": "122",
      "display": "Antártica Chilena"
    },
    {
      "code": "021",
      "display": "Antofagasta"
    },
    {
      "code": "082",
      "display": "Arauco"
    },
    {
      "code": "151",
      "display": "Arica"
    },
    {
      "code": "112",
      "display": "Aysén"
    },
    {
      "code": "083",
      "display": "Biobío"
    },
    {
      "code": "061",
      "display": "Cachapoal"
    },
    {
      "code": "113",
      "display": "Capitán Prat"
    },
    {
      "code": "062",
      "display": "Cardenal Caro"
    },
    {
      "code": "072",
      "display": "Cauquenes"
    },
    {
      "code": "091",
      "display": "Cautín"
    },
    {
      "code": "133",
      "display": "Chacabuco"
    },
    {
      "code": "032",
      "display": "Chañaral"
    },
    {
      "code": "102",
      "display": "Chiloé"
    },
    {
      "code": "042",
      "display": "Choapa"
    },
    {
      "code": "111",
      "display": "Coihaique"
    },
    {
      "code": "063",
      "display": "Colchagua"
    },
    {
      "code": "081",
      "display": "Concepción"
    },
    {
      "code": "031",
      "display": "Copiapó"
    },
    {
      "code": "132",
      "display": "Cordillera"
    },
    {
      "code": "073",
      "display": "Curicó"
    },
    {
      "code": "161",
      "display": "Diguillín"
    },
    {
      "code": "022",
      "display": "El Loa"
    },
    {
      "code": "041",
      "display": "Elqui"
    },
    {
      "code": "114",
      "display": "General Carrera"
    },
    {
      "code": "033",
      "display": "Huasco"
    },
    {
      "code": "011",
      "display": "Iquique"
    },
    {
      "code": "052",
      "display": "Isla de Pascua"
    },
    {
      "code": "162",
      "display": "Itata"
    },
    {
      "code": "043",
      "display": "Limarí"
    },
    {
      "code": "074",
      "display": "Linares"
    },
    {
      "code": "101",
      "display": "Llanquihue"
    },
    {
      "code": "053",
      "display": "Los Andes"
    },
    {
      "code": "121",
      "display": "Magallanes"
    },
    {
      "code": "134",
      "display": "Maipo"
    },
    {
      "code": "092",
      "display": "Malleco"
    },
    {
      "code": "058",
      "display": "Marga Marga"
    },
    {
      "code": "135",
      "display": "Melipilla"
    },
    {
      "code": "103",
      "display": "Osorno"
    },
    {
      "code": "104",
      "display": "Palena"
    },
    {
      "code": "152",
      "display": "Parinacota"
    },
    {
      "code": "054",
      "display": "Petorca"
    },
    {
      "code": "163",
      "display": "Punilla"
    },
    {
      "code": "055",
      "display": "Quillota"
    },
    {
      "code": "142",
      "display": "Ranco"
    },
    {
      "code": "056",
      "display": "San Antonio"
    },
    {
      "code": "057",
      "display": "San Felipe de Aconcagua"
    },
    {
      "code": "131",
      "display": "Santiago"
    },
    {
      "code": "136",
      "display": "Talagante"
    },
    {
      "code": "071",
      "display": "Talca"
    },
    {
      "code": "014",
      "display": "Tamarugal"
    },
    {
      "code": "123",
      "display": "Tierra del Fuego"
    },
    {
      "code": "023",
      "display": "Tocopilla"
    },
    {
      "code": "124",
      "display": "última Esperanza"
    },
    {
      "code": "141",
      "display": "Valdivia"
    },
    {
      "code": "051",
      "display": "Valparaíso"
    }
  ]
}