<?xml version="1.0" encoding="UTF-8"?>

<CodeSystem xmlns="http://hl7.org/fhir">
  <id value="CSCodigoDNI"/>
  <text>
    <status value="generated"/><div xmlns="http://www.w3.org/1999/xhtml"><p>This code system https://hl7chile.cl/fhir/ig/CoreCL/CodeSystem/CSCodigoDNI defines the following codes:</p><table class="codes"><tr><td style="white-space:nowrap"><b>Code</b></td><td><b>Display</b></td></tr><tr><td style="white-space:nowrap">NNBLZ<a name="CSCodigoDNI-NNBLZ"> </a></td><td>Belice</td></tr><tr><td style="white-space:nowrap">NNCRI<a name="CSCodigoDNI-NNCRI"> </a></td><td>Costa Rica</td></tr><tr><td style="white-space:nowrap">NNSLV<a name="CSCodigoDNI-NNSLV"> </a></td><td>El Salvador</td></tr><tr><td style="white-space:nowrap">NNGTM<a name="CSCodigoDNI-NNGTM"> </a></td><td>Guatemala</td></tr><tr><td style="white-space:nowrap">NNHND<a name="CSCodigoDNI-NNHND"> </a></td><td>Honduras</td></tr><tr><td style="white-space:nowrap">NNMEX<a name="CSCodigoDNI-NNMEX"> </a></td><td>México</td></tr><tr><td style="white-space:nowrap">NNNIC<a name="CSCodigoDNI-NNNIC"> </a></td><td>Nicaragua</td></tr><tr><td style="white-space:nowrap">NNPAN<a name="CSCodigoDNI-NNPAN"> </a></td><td>Panamá</td></tr><tr><td style="white-space:nowrap">NNARG<a name="CSCodigoDNI-NNARG"> </a></td><td>Argentina</td></tr><tr><td style="white-space:nowrap">NNBOL<a name="CSCodigoDNI-NNBOL"> </a></td><td>Bolivia</td></tr><tr><td style="white-space:nowrap">NNBRA<a name="CSCodigoDNI-NNBRA"> </a></td><td>Brasil</td></tr><tr><td style="white-space:nowrap">NNCOL<a name="CSCodigoDNI-NNCOL"> </a></td><td>Colombia</td></tr><tr><td style="white-space:nowrap">NNECU<a name="CSCodigoDNI-NNECU"> </a></td><td>Ecuador</td></tr><tr><td style="white-space:nowrap">NNGUY<a name="CSCodigoDNI-NNGUY"> </a></td><td>Guyana</td></tr><tr><td style="white-space:nowrap">NNPRY<a name="CSCodigoDNI-NNPRY"> </a></td><td>Paraguay</td></tr><tr><td style="white-space:nowrap">NNPER<a name="CSCodigoDNI-NNPER"> </a></td><td>Perú</td></tr><tr><td style="white-space:nowrap">NNSUR<a name="CSCodigoDNI-NNSUR"> </a></td><td>Surinam</td></tr><tr><td style="white-space:nowrap">NNURY<a name="CSCodigoDNI-NNURY"> </a></td><td>Uruguay</td></tr><tr><td style="white-space:nowrap">NNVEN<a name="CSCodigoDNI-NNVEN"> </a></td><td>Venezuela</td></tr><tr><td style="white-space:nowrap">NNCHL<a name="CSCodigoDNI-NNCHL"> </a></td><td>Chile</td></tr><tr><td style="white-space:nowrap">NNATG<a name="CSCodigoDNI-NNATG"> </a></td><td>Antigua y Barbuda</td></tr><tr><td style="white-space:nowrap">NNBHS<a name="CSCodigoDNI-NNBHS"> </a></td><td>Bahamas</td></tr><tr><td style="white-space:nowrap">NNBRB<a name="CSCodigoDNI-NNBRB"> </a></td><td>Barbados</td></tr><tr><td style="white-space:nowrap">NNCUB<a name="CSCodigoDNI-NNCUB"> </a></td><td>Cuba</td></tr><tr><td style="white-space:nowrap">NNDMA<a name="CSCodigoDNI-NNDMA"> </a></td><td>Dominica</td></tr><tr><td style="white-space:nowrap">NNGRD<a name="CSCodigoDNI-NNGRD"> </a></td><td>Granada</td></tr><tr><td style="white-space:nowrap">NNHTI<a name="CSCodigoDNI-NNHTI"> </a></td><td>Haití</td></tr><tr><td style="white-space:nowrap">NNJAM<a name="CSCodigoDNI-NNJAM"> </a></td><td>Jamaica</td></tr><tr><td style="white-space:nowrap">NNDOM<a name="CSCodigoDNI-NNDOM"> </a></td><td>República Dominicana</td></tr><tr><td style="white-space:nowrap">NNKNA<a name="CSCodigoDNI-NNKNA"> </a></td><td>San Cristóbal y Nieves</td></tr><tr><td style="white-space:nowrap">NNLCA<a name="CSCodigoDNI-NNLCA"> </a></td><td>Santa Lucía</td></tr><tr><td style="white-space:nowrap">NNVCT<a name="CSCodigoDNI-NNVCT"> </a></td><td>San Vicente y las Granadinas</td></tr><tr><td style="white-space:nowrap">NNTTO<a name="CSCodigoDNI-NNTTO"> </a></td><td>Trinidad y Tobago</td></tr></table></div>
  </text>
  <url value="https://hl7chile.cl/fhir/ig/CoreCL/CodeSystem/CSCodigoDNI"/>
  <version value="1.2.0"/>
  <name value="CSCodigoDNI"/>
  <title value="Códigos de Documentos DNI para LATAM y el Caribe"/>
  <status value="active"/>
  <date value="2022-01-18T00:00:00-03:00"/>
  <publisher value="HL7 Chile"/>
  <contact>
    <name value="HL7 Chile"/>
    <telecom>
      <system value="url"/>
      <value value="http://hl7chile.cl"/>
    </telecom>
    <telecom>
      <system value="email"/>
      <value value="chair@hl7chile.cl"/>
    </telecom>
  </contact>
  <description value="Códigos para los DNI de países de America Latina y el Caribe según indicaciones de VS HL7 de V3"/>
  <jurisdiction>
    <coding>
      <system value="urn:iso:std:iso:3166"/>
      <code value="CL"/>
      <display value="Chile"/>
    </coding>
  </jurisdiction>
  <copyright value="Usado con el permiso de HL7 International, todos los derechos resevados en los Licencias de HL7 Internacional."/>
  <content value="complete"/>
  <count value="33"/>
  <concept>
    <code value="NNBLZ"/>
    <display value="Belice"/>
  </concept>
  <concept>
    <code value="NNCRI"/>
    <display value="Costa Rica"/>
  </concept>
  <concept>
    <code value="NNSLV"/>
    <display value="El Salvador"/>
  </concept>
  <concept>
    <code value="NNGTM"/>
    <display value="Guatemala"/>
  </concept>
  <concept>
    <code value="NNHND"/>
    <display value="Honduras"/>
  </concept>
  <concept>
    <code value="NNMEX"/>
    <display value="México"/>
  </concept>
  <concept>
    <code value="NNNIC"/>
    <display value="Nicaragua"/>
  </concept>
  <concept>
    <code value="NNPAN"/>
    <display value="Panamá"/>
  </concept>
  <concept>
    <code value="NNARG"/>
    <display value="Argentina"/>
  </concept>
  <concept>
    <code value="NNBOL"/>
    <display value="Bolivia"/>
  </concept>
  <concept>
    <code value="NNBRA"/>
    <display value="Brasil"/>
  </concept>
  <concept>
    <code value="NNCOL"/>
    <display value="Colombia"/>
  </concept>
  <concept>
    <code value="NNECU"/>
    <display value="Ecuador"/>
  </concept>
  <concept>
    <code value="NNGUY"/>
    <display value="Guyana"/>
  </concept>
  <concept>
    <code value="NNPRY"/>
    <display value="Paraguay"/>
  </concept>
  <concept>
    <code value="NNPER"/>
    <display value="Perú"/>
  </concept>
  <concept>
    <code value="NNSUR"/>
    <display value="Surinam"/>
  </concept>
  <concept>
    <code value="NNURY"/>
    <display value="Uruguay"/>
  </concept>
  <concept>
    <code value="NNVEN"/>
    <display value="Venezuela"/>
  </concept>
  <concept>
    <code value="NNCHL"/>
    <display value="Chile"/>
  </concept>
  <concept>
    <code value="NNATG"/>
    <display value="Antigua y Barbuda"/>
  </concept>
  <concept>
    <code value="NNBHS"/>
    <display value="Bahamas"/>
  </concept>
  <concept>
    <code value="NNBRB"/>
    <display value="Barbados"/>
  </concept>
  <concept>
    <code value="NNCUB"/>
    <display value="Cuba"/>
  </concept>
  <concept>
    <code value="NNDMA"/>
    <display value="Dominica"/>
  </concept>
  <concept>
    <code value="NNGRD"/>
    <display value="Granada"/>
  </concept>
  <concept>
    <code value="NNHTI"/>
    <display value="Haití"/>
  </concept>
  <concept>
    <code value="NNJAM"/>
    <display value="Jamaica"/>
  </concept>
  <concept>
    <code value="NNDOM"/>
    <display value="República Dominicana"/>
  </concept>
  <concept>
    <code value="NNKNA"/>
    <display value="San Cristóbal y Nieves"/>
  </concept>
  <concept>
    <code value="NNLCA"/>
    <display value="Santa Lucía"/>
  </concept>
  <concept>
    <code value="NNVCT"/>
    <display value="San Vicente y las Granadinas"/>
  </concept>
  <concept>
    <code value="NNTTO"/>
    <display value="Trinidad y Tobago"/>
  </concept>
</CodeSystem>