<?xml version="1.0" encoding="UTF-8"?>

<Patient xmlns="http://hl7.org/fhir">
  <id value="PacienteCL"/>
  <meta>
    <profile value="https://hl7chile.cl/fhir/ig/CoreCL/StructureDefinition/CorePacienteCl"/>
  </meta>
  <text>
    <status value="generated"/><div xmlns="http://www.w3.org/1999/xhtml"><p><b>Generated Narrative</b></p><div style="display: inline-block; background-color: #d9e0e7; padding: 6px; margin: 4px; border: 1px solid #8da1b4; border-radius: 5px; line-height: 60%"><p style="margin-bottom: 0px">Resource "PacienteCL" </p><p style="margin-bottom: 0px">Profile: <a href="StructureDefinition-CorePacienteCl.html">Perfil Paciente Para Core Nacional</a></p></div><p><b>identifier</b>: Chile: 15.236.327-k (OFFICIAL)</p><p><b>active</b>: true</p><p><b>name</b>: Marietta María Ximena Rosales (OFFICIAL), Xime </p><p><b>telecom</b>: ph: 943561833(MOBILE), <a href="mailto:mariRosal@mimail.com">mariRosal@mimail.com</a></p><p><b>gender</b>: female</p><p><b>birthDate</b>: 1983-03-24</p><p><b>address</b>: Av Los Chirimoyos, 32, casa 4 05101 05 152 (HOME)</p></div>
  </text>
  <identifier>
    <use value="official"/>
    <type>
      <extension url="https://hl7chile.cl/fhir/ig/CoreCL/StructureDefinition/CodigoPaises">
        <valueCodeableConcept>
          <coding>
            <system value="urn:iso:std:iso:3166"/>
            <code value="152"/>
            <display value="Chile"/>
          </coding>
        </valueCodeableConcept>
      </extension>
      <coding>
        <system value="https://hl7chile.cl/fhir/ig/CoreCL/CodeSystem/CSCodigoDNI"/>
        <code value="NNCHL"/>
        <display value="Chile"/>
      </coding>
    </type>
    <system value="http://regcivil.cl/Validacion/RUN"/>
    <value value="15.236.327-k"/>
  </identifier>
  <active value="true"/>
  <name>
    <use value="official"/>
    <family value="Rosales">
      <extension url="http://hl7.org/fhir/StructureDefinition/humanname-mothers-family">
        <valueString value="Bosh"/>
      </extension>
    </family>
    <given value="Marietta"/>
    <given value="María"/>
    <given value="Ximena"/>
  </name>
  <name>
    <use value="usual"/>
    <given value="Xime"/>
  </name>
  <telecom>
    <system value="phone"/>
    <value value="943561833"/>
    <use value="mobile"/>
  </telecom>
  <telecom>
    <system value="email"/>
    <value value="mariRosal@mimail.com"/>
    <use value="work"/>
  </telecom>
  <gender value="female"/>
  <birthDate value="1983-03-24"/>
  <address>
    <use value="home"/>
    <line value="Av Los Chirimoyos, 32, casa 4"/>
    <city value="05101"/>
    <district value="051"/>
    <state value="05"/>
    <country value="152"/>
  </address>
</Patient>