<?xml version="1.0" encoding="UTF-8"?><CodeSystem xmlns="http://hl7.org/fhir"><id value="CSCodigoVacunas"/><text><status value="generated"/><div xmlns="http://www.w3.org/1999/xhtml"><p>This code system https://hl7chile.cl/fhir/ig/CoreCL/CodeSystem/CSCodigoVacunas defines the following codes:</p><table class="codes"><tr><td style="white-space:nowrap"><b>Code</b></td><td><b>Display</b></td></tr><tr><td style="white-space:nowrap">actacelPriv<a name="CSCodigoVacunas-actacelPriv"> </a></td><td>Actacel (sector privado)</td></tr><tr><td style="white-space:nowrap">antirr<a name="CSCodigoVacunas-antirr"> </a></td><td>Antirrábica</td></tr><tr><td style="white-space:nowrap">antirrPriv<a name="CSCodigoVacunas-antirrPriv"> </a></td><td>Antirrábica (sector privado)</td></tr><tr><td style="white-space:nowrap">antitifoInyPriv<a name="CSCodigoVacunas-antitifoInyPriv"> </a></td><td>Antitifoidea inyectable (sector privado)</td></tr><tr><td style="white-space:nowrap">bcgMat<a name="CSCodigoVacunas-bcgMat"> </a></td><td>BCG MATERNIDAD</td></tr><tr><td style="white-space:nowrap">bcg_mat<a name="CSCodigoVacunas-bcg_mat"> </a></td><td>BCG_maternidad</td></tr><tr><td style="white-space:nowrap">fiebreAmar<a name="CSCodigoVacunas-fiebreAmar"> </a></td><td>Fiebre Amarilla</td></tr><tr><td style="white-space:nowrap">hep_A<a name="CSCodigoVacunas-hep_A"> </a></td><td>Hepatítis A</td></tr><tr><td style="white-space:nowrap">hep_A_adult<a name="CSCodigoVacunas-hep_A_adult"> </a></td><td>Hepatitis A adulto</td></tr><tr><td style="white-space:nowrap">hep_A_adultPriv<a name="CSCodigoVacunas-hep_A_adultPriv"> </a></td><td>Hepatitis A adulto (sector privado)</td></tr><tr><td style="white-space:nowrap">hep_A_ped<a name="CSCodigoVacunas-hep_A_ped"> </a></td><td>Hepatitis A pediátrica</td></tr><tr><td style="white-space:nowrap">hep_A_pedPriv<a name="CSCodigoVacunas-hep_A_pedPriv"> </a></td><td>Hepatitis A pediátrica (sector privado)</td></tr><tr><td style="white-space:nowrap">hep_A-B_adultPriv<a name="CSCodigoVacunas-hep_A-B_adultPriv"> </a></td><td>Hepatitis A-B adulto (sector privado)</td></tr><tr><td style="white-space:nowrap">hep_A-B_pedPriv<a name="CSCodigoVacunas-hep_A-B_pedPriv"> </a></td><td>Hepatitis A-B pediátrica (sector privado)</td></tr><tr><td style="white-space:nowrap">hep_B_adult<a name="CSCodigoVacunas-hep_B_adult"> </a></td><td>Hepatitis B adulto</td></tr><tr><td style="white-space:nowrap">hep_B_adultPriv<a name="CSCodigoVacunas-hep_B_adultPriv"> </a></td><td>Hepatitis B adulto (sector privado)</td></tr><tr><td style="white-space:nowrap">hep_B_dializAdult<a name="CSCodigoVacunas-hep_B_dializAdult"> </a></td><td>Hepatitis B dializados adulto</td></tr><tr><td style="white-space:nowrap">hep_B_dializPed<a name="CSCodigoVacunas-hep_B_dializPed"> </a></td><td>Hepatitis B dializados pediátrica</td></tr><tr><td style="white-space:nowrap">hep_B_ped<a name="CSCodigoVacunas-hep_B_ped"> </a></td><td>Hepatitis B pediátrica</td></tr><tr><td style="white-space:nowrap">hep_B_pedPriv<a name="CSCodigoVacunas-hep_B_pedPriv"> </a></td><td>Hepatitis B pediátrica (sector privado)</td></tr><tr><td style="white-space:nowrap">hep_B_maternidad<a name="CSCodigoVacunas-hep_B_maternidad"> </a></td><td>Hepatitis B_maternidad</td></tr><tr><td style="white-space:nowrap">herpesZPriv<a name="CSCodigoVacunas-herpesZPriv"> </a></td><td>Herpes Zoster (sector privado)</td></tr><tr><td style="white-space:nowrap">hexavalent<a name="CSCodigoVacunas-hexavalent"> </a></td><td>Hexavalente</td></tr><tr><td style="white-space:nowrap">hezavalentPriv<a name="CSCodigoVacunas-hezavalentPriv"> </a></td><td>Hexavalente (sector privado)</td></tr><tr><td style="white-space:nowrap">inmAntitetanic<a name="CSCodigoVacunas-inmAntitetanic"> </a></td><td>INMUNOGLOBULINA ANTITETANICA</td></tr><tr><td style="white-space:nowrap">inmAntiVaricela<a name="CSCodigoVacunas-inmAntiVaricela"> </a></td><td>Inmunoglobulina anti varicela</td></tr><tr><td style="white-space:nowrap">inmAntirrabica<a name="CSCodigoVacunas-inmAntirrabica"> </a></td><td>Inmunoglobulina antirrábica</td></tr><tr><td style="white-space:nowrap">inmAntirrabicaPriv<a name="CSCodigoVacunas-inmAntirrabicaPriv"> </a></td><td>Inmunoglobulina antirrábica (sector privado)</td></tr><tr><td style="white-space:nowrap">inmAntitetanica<a name="CSCodigoVacunas-inmAntitetanica"> </a></td><td>Inmunoglobulina Antitetánica</td></tr><tr><td style="white-space:nowrap">inmEstandarH_A<a name="CSCodigoVacunas-inmEstandarH_A"> </a></td><td>Inmunoglobulina estandar (Hep. A)</td></tr><tr><td style="white-space:nowrap">inmEstandarSaramp<a name="CSCodigoVacunas-inmEstandarSaramp"> </a></td><td>Inmunoglobulina estandar (Sarampión)</td></tr><tr><td style="white-space:nowrap">inmEstandarVaric<a name="CSCodigoVacunas-inmEstandarVaric"> </a></td><td>Inmunoglobulina estandar (Varicela)</td></tr><tr><td style="white-space:nowrap">inmHepat_B<a name="CSCodigoVacunas-inmHepat_B"> </a></td><td>Inmunoglobulina Hepatitis B</td></tr><tr><td style="white-space:nowrap">neumococicaConj10V<a name="CSCodigoVacunas-neumococicaConj10V"> </a></td><td>Neumocócica conjugada 10V</td></tr><tr><td style="white-space:nowrap">neomococicaConj10VPriv<a name="CSCodigoVacunas-neomococicaConj10VPriv"> </a></td><td>Neumocócica conjugada 10V (sector privado)</td></tr><tr><td style="white-space:nowrap">neumococicaConj13V<a name="CSCodigoVacunas-neumococicaConj13V"> </a></td><td>Neumocócica conjugada 13V</td></tr><tr><td style="white-space:nowrap">neumococicaConj13VPriv<a name="CSCodigoVacunas-neumococicaConj13VPriv"> </a></td><td>Neumocócica conjugada 13V (sector privado)</td></tr><tr><td style="white-space:nowrap">neumococicaPolisac23V<a name="CSCodigoVacunas-neumococicaPolisac23V"> </a></td><td>Neumocócica polisacárida 23V</td></tr><tr><td style="white-space:nowrap">neumococicaPolisac23VPriv<a name="CSCodigoVacunas-neumococicaPolisac23VPriv"> </a></td><td>Neumocócica polisacárida 23V (sector privado)</td></tr><tr><td style="white-space:nowrap">pentavalente<a name="CSCodigoVacunas-pentavalente"> </a></td><td>Pentavalente</td></tr><tr><td style="white-space:nowrap">polioInactIny<a name="CSCodigoVacunas-polioInactIny"> </a></td><td>Polio inactivada inyectable</td></tr><tr><td style="white-space:nowrap">polioInactInyPriv<a name="CSCodigoVacunas-polioInactInyPriv"> </a></td><td>Polio inactivada inyectable (sector privado)</td></tr><tr><td style="white-space:nowrap">polioOralBival_boPV<a name="CSCodigoVacunas-polioOralBival_boPV"> </a></td><td>Polio oral bivalente (bOPV)</td></tr><tr><td style="white-space:nowrap">polioOralTrival<a name="CSCodigoVacunas-polioOralTrival"> </a></td><td>Polio oral trivalente</td></tr><tr><td style="white-space:nowrap">rotavirus<a name="CSCodigoVacunas-rotavirus"> </a></td><td>Rotavirus</td></tr><tr><td style="white-space:nowrap">rotavirusPriv<a name="CSCodigoVacunas-rotavirusPriv"> </a></td><td>Rotavirus (sector privado)</td></tr><tr><td style="white-space:nowrap">saramp_rube_paper<a name="CSCodigoVacunas-saramp_rube_paper"> </a></td><td>Sarampión-Rubeóla-Paperas</td></tr><tr><td style="white-space:nowrap">toxoideDTPriv<a name="CSCodigoVacunas-toxoideDTPriv"> </a></td><td>Toxoide DT (sector privado)</td></tr><tr><td style="white-space:nowrap">toxoideDTEscol<a name="CSCodigoVacunas-toxoideDTEscol"> </a></td><td>TOXOIDE DT ESCOLAR</td></tr><tr><td style="white-space:nowrap">toxoideDTProfil<a name="CSCodigoVacunas-toxoideDTProfil"> </a></td><td>TOXOIDE DT PROFILAXIS</td></tr><tr><td style="white-space:nowrap">vacunaAntiten<a name="CSCodigoVacunas-vacunaAntiten"> </a></td><td>VACUNA ANTITETÁNICA</td></tr><tr><td style="white-space:nowrap">vacunaAntitenPriv<a name="CSCodigoVacunas-vacunaAntitenPriv"> </a></td><td>Vacuna Antitetánica (sector privado)</td></tr><tr><td style="white-space:nowrap">vacunaBCG<a name="CSCodigoVacunas-vacunaBCG"> </a></td><td>VACUNA BCG</td></tr><tr><td style="white-space:nowrap">vacunaBexsero<a name="CSCodigoVacunas-vacunaBexsero"> </a></td><td>VACUNA BEXSERO</td></tr><tr><td style="white-space:nowrap">vacunaBexseroPriv<a name="CSCodigoVacunas-vacunaBexseroPriv"> </a></td><td>VACUNA BEXSERO (Sector privado)</td></tr><tr><td style="white-space:nowrap">vacunaDPT<a name="CSCodigoVacunas-vacunaDPT"> </a></td><td>VACUNA DPT</td></tr><tr><td style="white-space:nowrap">vacunadpTaPriv<a name="CSCodigoVacunas-vacunadpTaPriv"> </a></td><td>Vacuna dpTa (sector privado)</td></tr><tr><td style="white-space:nowrap">vacunadtPa<a name="CSCodigoVacunas-vacunadtPa"> </a></td><td>Vacuna dTpa</td></tr><tr><td style="white-space:nowrap">vacunaHepat_AyB<a name="CSCodigoVacunas-vacunaHepat_AyB"> </a></td><td>VACUNA HEPATITIS A Y B</td></tr><tr><td style="white-space:nowrap">vacunaHIB<a name="CSCodigoVacunas-vacunaHIB"> </a></td><td>VACUNA HIB</td></tr><tr><td style="white-space:nowrap">vacunaHIBPriv<a name="CSCodigoVacunas-vacunaHIBPriv"> </a></td><td>Vacuna HIB (sector privado)</td></tr><tr><td style="white-space:nowrap">vacunaInfluTrival<a name="CSCodigoVacunas-vacunaInfluTrival"> </a></td><td>VACUNA INFLUENZA TRIVALENTE</td></tr><tr><td style="white-space:nowrap">vacunaMenacPriv<a name="CSCodigoVacunas-vacunaMenacPriv"> </a></td><td>VACUNA MENACTRA (Sector privado)</td></tr><tr><td style="white-space:nowrap">vacunaMenveo<a name="CSCodigoVacunas-vacunaMenveo"> </a></td><td>VACUNA MENVEO</td></tr><tr><td style="white-space:nowrap">vacunaMenveoPriv<a name="CSCodigoVacunas-vacunaMenveoPriv"> </a></td><td>VACUNA MENVEO (Sector privado)</td></tr><tr><td style="white-space:nowrap">vacunaNeumoco7V<a name="CSCodigoVacunas-vacunaNeumoco7V"> </a></td><td>VACUNA NEUMOCOCICA 7 V</td></tr><tr><td style="white-space:nowrap">vacunaNimenrix<a name="CSCodigoVacunas-vacunaNimenrix"> </a></td><td>VACUNA NIMENRIX</td></tr><tr><td style="white-space:nowrap">vacunaNimenrixPriv<a name="CSCodigoVacunas-vacunaNimenrixPriv"> </a></td><td>VACUNA NIMENRIX (sector privado)</td></tr><tr><td style="white-space:nowrap">vacunaPoliomielInact<a name="CSCodigoVacunas-vacunaPoliomielInact"> </a></td><td>VACUNA POLIOMIELITIS INACTIVADA</td></tr><tr><td style="white-space:nowrap">vacunaSRPt3VMonodos<a name="CSCodigoVacunas-vacunaSRPt3VMonodos"> </a></td><td>VACUNA SRP (TRES VIRICA) MONODOSIS</td></tr><tr><td style="white-space:nowrap">vacunaSRP3VMultidos<a name="CSCodigoVacunas-vacunaSRP3VMultidos"> </a></td><td>VACUNA SRP (TRES VIRICA) MULTIDOSIS</td></tr><tr><td style="white-space:nowrap">vacunaSRPTrivMonodos<a name="CSCodigoVacunas-vacunaSRPTrivMonodos"> </a></td><td>Vacuna SRP (trivirica) Monodosis</td></tr><tr><td style="white-space:nowrap">vacunaSRPTrivMultidos<a name="CSCodigoVacunas-vacunaSRPTrivMultidos"> </a></td><td>Vacuna SRP (trivirica) Multidosis</td></tr><tr><td style="white-space:nowrap">varicela<a name="CSCodigoVacunas-varicela"> </a></td><td>Varicela</td></tr><tr><td style="white-space:nowrap">varicelaPriv<a name="CSCodigoVacunas-varicelaPriv"> </a></td><td>Varicela (sector privado)</td></tr><tr><td style="white-space:nowrap">VPHBivalPriv<a name="CSCodigoVacunas-VPHBivalPriv"> </a></td><td>VPH Bivalente (sector privado)</td></tr><tr><td style="white-space:nowrap">VPHNonavalPriv<a name="CSCodigoVacunas-VPHNonavalPriv"> </a></td><td>VPH Nonavalente (sector privado)</td></tr><tr><td style="white-space:nowrap">VPHTetraval<a name="CSCodigoVacunas-VPHTetraval"> </a></td><td>VPH Tetravalente</td></tr><tr><td style="white-space:nowrap">VPHTretavalPriv<a name="CSCodigoVacunas-VPHTretavalPriv"> </a></td><td>VPH Tetravalente (sector privado)</td></tr></table></div></text><url value="https://hl7chile.cl/fhir/ig/CoreCL/CodeSystem/CSCodigoVacunas"/><version value="1.5.0"/><name value="CSTiposVacunaCL"/><title value="Códigos de Vacunas RNI"/><status value="active"/><date value="2022-06-05T00:00:00-03:00"/><publisher value="HL7 Chile"/><contact><name value="HL7 Chile"/><telecom><system value="url"/><value value="http://hl7chile.cl"/></telecom><telecom><system value="email"/><value value="chair@hl7chile.cl"/></telecom></contact><description value="Códigos de las vacunas o inmunizaciones según indicaciones del Ministerio de Salud"/><jurisdiction><coding><system value="urn:iso:std:iso:3166"/><code value="CL"/><display value="Chile"/></coding></jurisdiction><copyright value="Usado con el permiso de HL7 International, todos los derechos resevados en los Licencias de HL7 Internacional."/><content value="complete"/><count value="79"/><concept><code value="actacelPriv"/><display value="Actacel (sector privado)"/></concept><concept><code value="antirr"/><display value="Antirrábica"/></concept><concept><code value="antirrPriv"/><display value="Antirrábica (sector privado)"/></concept><concept><code value="antitifoInyPriv"/><display value="Antitifoidea inyectable (sector privado)"/></concept><concept><code value="bcgMat"/><display value="BCG MATERNIDAD"/></concept><concept><code value="bcg_mat"/><display value="BCG_maternidad"/></concept><concept><code value="fiebreAmar"/><display value="Fiebre Amarilla"/></concept><concept><code value="hep_A"/><display value="Hepatítis A"/></concept><concept><code value="hep_A_adult"/><display value="Hepatitis A adulto"/></concept><concept><code value="hep_A_adultPriv"/><display value="Hepatitis A adulto (sector privado)"/></concept><concept><code value="hep_A_ped"/><display value="Hepatitis A pediátrica"/></concept><concept><code value="hep_A_pedPriv"/><display value="Hepatitis A pediátrica (sector privado)"/></concept><concept><code value="hep_A-B_adultPriv"/><display value="Hepatitis A-B adulto (sector privado)"/></concept><concept><code value="hep_A-B_pedPriv"/><display value="Hepatitis A-B pediátrica (sector privado)"/></concept><concept><code value="hep_B_adult"/><display value="Hepatitis B adulto"/></concept><concept><code value="hep_B_adultPriv"/><display value="Hepatitis B adulto (sector privado)"/></concept><concept><code value="hep_B_dializAdult"/><display value="Hepatitis B dializados adulto"/></concept><concept><code value="hep_B_dializPed"/><display value="Hepatitis B dializados pediátrica"/></concept><concept><code value="hep_B_ped"/><display value="Hepatitis B pediátrica"/></concept><concept><code value="hep_B_pedPriv"/><display value="Hepatitis B pediátrica (sector privado)"/></concept><concept><code value="hep_B_maternidad"/><display value="Hepatitis B_maternidad"/></concept><concept><code value="herpesZPriv"/><display value="Herpes Zoster (sector privado)"/></concept><concept><code value="hexavalent"/><display value="Hexavalente"/></concept><concept><code value="hezavalentPriv"/><display value="Hexavalente (sector privado)"/></concept><concept><code value="inmAntitetanic"/><display value="INMUNOGLOBULINA ANTITETANICA"/></concept><concept><code value="inmAntiVaricela"/><display value="Inmunoglobulina anti varicela"/></concept><concept><code value="inmAntirrabica"/><display value="Inmunoglobulina antirrábica"/></concept><concept><code value="inmAntirrabicaPriv"/><display value="Inmunoglobulina antirrábica (sector privado)"/></concept><concept><code value="inmAntitetanica"/><display value="Inmunoglobulina Antitetánica"/></concept><concept><code value="inmEstandarH_A"/><display value="Inmunoglobulina estandar (Hep. A)"/></concept><concept><code value="inmEstandarSaramp"/><display value="Inmunoglobulina estandar (Sarampión)"/></concept><concept><code value="inmEstandarVaric"/><display value="Inmunoglobulina estandar (Varicela)"/></concept><concept><code value="inmHepat_B"/><display value="Inmunoglobulina Hepatitis B"/></concept><concept><code value="neumococicaConj10V"/><display value="Neumocócica conjugada 10V"/></concept><concept><code value="neomococicaConj10VPriv"/><display value="Neumocócica conjugada 10V (sector privado)"/></concept><concept><code value="neumococicaConj13V"/><display value="Neumocócica conjugada 13V"/></concept><concept><code value="neumococicaConj13VPriv"/><display value="Neumocócica conjugada 13V (sector privado)"/></concept><concept><code value="neumococicaPolisac23V"/><display value="Neumocócica polisacárida 23V"/></concept><concept><code value="neumococicaPolisac23VPriv"/><display value="Neumocócica polisacárida 23V (sector privado)"/></concept><concept><code value="pentavalente"/><display value="Pentavalente"/></concept><concept><code value="polioInactIny"/><display value="Polio inactivada inyectable"/></concept><concept><code value="polioInactInyPriv"/><display value="Polio inactivada inyectable (sector privado)"/></concept><concept><code value="polioOralBival_boPV"/><display value="Polio oral bivalente (bOPV)"/></concept><concept><code value="polioOralTrival"/><display value="Polio oral trivalente"/></concept><concept><code value="rotavirus"/><display value="Rotavirus"/></concept><concept><code value="rotavirusPriv"/><display value="Rotavirus (sector privado)"/></concept><concept><code value="saramp_rube_paper"/><display value="Sarampión-Rubeóla-Paperas"/></concept><concept><code value="toxoideDTPriv"/><display value="Toxoide DT (sector privado)"/></concept><concept><code value="toxoideDTEscol"/><display value="TOXOIDE DT ESCOLAR"/></concept><concept><code value="toxoideDTProfil"/><display value="TOXOIDE DT PROFILAXIS"/></concept><concept><code value="vacunaAntiten"/><display value="VACUNA ANTITETÁNICA"/></concept><concept><code value="vacunaAntitenPriv"/><display value="Vacuna Antitetánica (sector privado)"/></concept><concept><code value="vacunaBCG"/><display value="VACUNA BCG"/></concept><concept><code value="vacunaBexsero"/><display value="VACUNA BEXSERO"/></concept><concept><code value="vacunaBexseroPriv"/><display value="VACUNA BEXSERO (Sector privado)"/></concept><concept><code value="vacunaDPT"/><display value="VACUNA DPT"/></concept><concept><code value="vacunadpTaPriv"/><display value="Vacuna dpTa (sector privado)"/></concept><concept><code value="vacunadtPa"/><display value="Vacuna dTpa"/></concept><concept><code value="vacunaHepat_AyB"/><display value="VACUNA HEPATITIS A Y B"/></concept><concept><code value="vacunaHIB"/><display value="VACUNA HIB"/></concept><concept><code value="vacunaHIBPriv"/><display value="Vacuna HIB (sector privado)"/></concept><concept><code value="vacunaInfluTrival"/><display value="VACUNA INFLUENZA TRIVALENTE"/></concept><concept><code value="vacunaMenacPriv"/><display value="VACUNA MENACTRA (Sector privado)"/></concept><concept><code value="vacunaMenveo"/><display value="VACUNA MENVEO"/></concept><concept><code value="vacunaMenveoPriv"/><display value="VACUNA MENVEO (Sector privado)"/></concept><concept><code value="vacunaNeumoco7V"/><display value="VACUNA NEUMOCOCICA 7 V"/></concept><concept><code value="vacunaNimenrix"/><display value="VACUNA NIMENRIX"/></concept><concept><code value="vacunaNimenrixPriv"/><display value="VACUNA NIMENRIX (sector privado)"/></concept><concept><code value="vacunaPoliomielInact"/><display value="VACUNA POLIOMIELITIS INACTIVADA"/></concept><concept><code value="vacunaSRPt3VMonodos"/><display value="VACUNA SRP (TRES VIRICA) MONODOSIS"/></concept><concept><code value="vacunaSRP3VMultidos"/><display value="VACUNA SRP (TRES VIRICA) MULTIDOSIS"/></concept><concept><code value="vacunaSRPTrivMonodos"/><display value="Vacuna SRP (trivirica) Monodosis"/></concept><concept><code value="vacunaSRPTrivMultidos"/><display value="Vacuna SRP (trivirica) Multidosis"/></concept><concept><code value="varicela"/><display value="Varicela"/></concept><concept><code value="varicelaPriv"/><display value="Varicela (sector privado)"/></concept><concept><code value="VPHBivalPriv"/><display value="VPH Bivalente (sector privado)"/></concept><concept><code value="VPHNonavalPriv"/><display value="VPH Nonavalente (sector privado)"/></concept><concept><code value="VPHTetraval"/><display value="VPH Tetravalente"/></concept><concept><code value="VPHTretavalPriv"/><display value="VPH Tetravalente (sector privado)"/></concept></CodeSystem>