{"resourceType":"ValueSet","id":"CodPais","text":{"status":"generated","div":"<div xmlns=\"http://www.w3.org/1999/xhtml\"><ul><li>Include all codes defined in <code>urn:iso:std:iso:3166</code></li></ul></div>"},"url":"https://hl7chile.cl/fhir/ig/CoreCL/ValueSet/CodPais","version":"1.4.0","name":"CodPaises","title":"Códigos de Países","status":"active","date":"2022-01-18T00:00:00-03:00","publisher":"HL7 Chile","contact":[{"name":"HL7 Chile","telecom":[{"system":"url","value":"http://hl7chile.cl"},{"system":"email","value":"chair@hl7chile.cl"}]}],"description":"Codigos definidos para la identificación de países segun norma ISO3166-N","jurisdiction":[{"coding":[{"system":"urn:iso:std:iso:3166","code":"CL","display":"Chile"}]}],"copyright":"Usado con el permiso de HL7 International, todos los derechos resevados en los Licencias de HL7 Internacional.","compose":{"include":[{"system":"urn:iso:std:iso:3166"}]}}