<?xml version="1.0" encoding="UTF-8"?><CodeSystem xmlns="http://hl7.org/fhir"><id value="CSCodComunasCL"/><text><status value="generated"/><div xmlns="http://www.w3.org/1999/xhtml"><p>This code system https://hl7chile.cl/fhir/ig/CoreCL/CodeSystem/CSCodComunasCL defines the following codes:</p><table class="codes"><tr><td style="white-space:nowrap"><b>Code</b></td><td><b>Display</b></td></tr><tr><td style="white-space:nowrap">05602<a name="CSCodComunasCL-05602"> </a></td><td>Algarrobo</td></tr><tr><td style="white-space:nowrap">13502<a name="CSCodComunasCL-13502"> </a></td><td>Alhué</td></tr><tr><td style="white-space:nowrap">08314<a name="CSCodComunasCL-08314"> </a></td><td>Alto Biobío</td></tr><tr><td style="white-space:nowrap">03302<a name="CSCodComunasCL-03302"> </a></td><td>Alto del Carmen</td></tr><tr><td style="white-space:nowrap">01107<a name="CSCodComunasCL-01107"> </a></td><td>Alto Hospicio</td></tr><tr><td style="white-space:nowrap">10202<a name="CSCodComunasCL-10202"> </a></td><td>Ancud</td></tr><tr><td style="white-space:nowrap">04103<a name="CSCodComunasCL-04103"> </a></td><td>Andacollo</td></tr><tr><td style="white-space:nowrap">09201<a name="CSCodComunasCL-09201"> </a></td><td>Angol</td></tr><tr><td style="white-space:nowrap">12202<a name="CSCodComunasCL-12202"> </a></td><td>Antartica</td></tr><tr><td style="white-space:nowrap">02101<a name="CSCodComunasCL-02101"> </a></td><td>Antofagasta</td></tr><tr><td style="white-space:nowrap">08302<a name="CSCodComunasCL-08302"> </a></td><td>Antuco</td></tr><tr><td style="white-space:nowrap">08202<a name="CSCodComunasCL-08202"> </a></td><td>Arauco</td></tr><tr><td style="white-space:nowrap">15101<a name="CSCodComunasCL-15101"> </a></td><td>Arica</td></tr><tr><td style="white-space:nowrap">11201<a name="CSCodComunasCL-11201"> </a></td><td>Aysén</td></tr><tr><td style="white-space:nowrap">13402<a name="CSCodComunasCL-13402"> </a></td><td>Buin</td></tr><tr><td style="white-space:nowrap">16102<a name="CSCodComunasCL-16102"> </a></td><td>Bulnes</td></tr><tr><td style="white-space:nowrap">05402<a name="CSCodComunasCL-05402"> </a></td><td>Cabildo</td></tr><tr><td style="white-space:nowrap">12201<a name="CSCodComunasCL-12201"> </a></td><td>Cabo de Hornos</td></tr><tr><td style="white-space:nowrap">08303<a name="CSCodComunasCL-08303"> </a></td><td>Cabrero</td></tr><tr><td style="white-space:nowrap">02201<a name="CSCodComunasCL-02201"> </a></td><td>Calama</td></tr><tr><td style="white-space:nowrap">10102<a name="CSCodComunasCL-10102"> </a></td><td>Calbuco</td></tr><tr><td style="white-space:nowrap">03102<a name="CSCodComunasCL-03102"> </a></td><td>Caldera</td></tr><tr><td style="white-space:nowrap">05502<a name="CSCodComunasCL-05502"> </a></td><td>Calera</td></tr><tr><td style="white-space:nowrap">13403<a name="CSCodComunasCL-13403"> </a></td><td>Calera de Tango</td></tr><tr><td style="white-space:nowrap">05302<a name="CSCodComunasCL-05302"> </a></td><td>Calle Larga</td></tr><tr><td style="white-space:nowrap">15102<a name="CSCodComunasCL-15102"> </a></td><td>Camarones</td></tr><tr><td style="white-space:nowrap">01402<a name="CSCodComunasCL-01402"> </a></td><td>Camiña</td></tr><tr><td style="white-space:nowrap">04202<a name="CSCodComunasCL-04202"> </a></td><td>Canela</td></tr><tr><td style="white-space:nowrap">08203<a name="CSCodComunasCL-08203"> </a></td><td>Cañete</td></tr><tr><td style="white-space:nowrap">09102<a name="CSCodComunasCL-09102"> </a></td><td>Carahue</td></tr><tr><td style="white-space:nowrap">05603<a name="CSCodComunasCL-05603"> </a></td><td>Cartagena</td></tr><tr><td style="white-space:nowrap">05102<a name="CSCodComunasCL-05102"> </a></td><td>Casablanca</td></tr><tr><td style="white-space:nowrap">10201<a name="CSCodComunasCL-10201"> </a></td><td>Castro</td></tr><tr><td style="white-space:nowrap">05702<a name="CSCodComunasCL-05702"> </a></td><td>Catemu</td></tr><tr><td style="white-space:nowrap">07201<a name="CSCodComunasCL-07201"> </a></td><td>Cauquenes</td></tr><tr><td style="white-space:nowrap">13102<a name="CSCodComunasCL-13102"> </a></td><td>Cerrillos</td></tr><tr><td style="white-space:nowrap">13103<a name="CSCodComunasCL-13103"> </a></td><td>Cerro Navia</td></tr><tr><td style="white-space:nowrap">10401<a name="CSCodComunasCL-10401"> </a></td><td>Chaitén</td></tr><tr><td style="white-space:nowrap">03201<a name="CSCodComunasCL-03201"> </a></td><td>Chañaral</td></tr><tr><td style="white-space:nowrap">07202<a name="CSCodComunasCL-07202"> </a></td><td>Chanco</td></tr><tr><td style="white-space:nowrap">06302<a name="CSCodComunasCL-06302"> </a></td><td>Chépica</td></tr><tr><td style="white-space:nowrap">08103<a name="CSCodComunasCL-08103"> </a></td><td>Chiguayante</td></tr><tr><td style="white-space:nowrap">11401<a name="CSCodComunasCL-11401"> </a></td><td>Chile Chico</td></tr><tr><td style="white-space:nowrap">16101<a name="CSCodComunasCL-16101"> </a></td><td>Chillán</td></tr><tr><td style="white-space:nowrap">16103<a name="CSCodComunasCL-16103"> </a></td><td>Chillán Viejo</td></tr><tr><td style="white-space:nowrap">06303<a name="CSCodComunasCL-06303"> </a></td><td>Chimbarongo</td></tr><tr><td style="white-space:nowrap">09121<a name="CSCodComunasCL-09121"> </a></td><td>Cholchol</td></tr><tr><td style="white-space:nowrap">10203<a name="CSCodComunasCL-10203"> </a></td><td>Chonchi</td></tr><tr><td style="white-space:nowrap">11202<a name="CSCodComunasCL-11202"> </a></td><td>Cisnes</td></tr><tr><td style="white-space:nowrap">16202<a name="CSCodComunasCL-16202"> </a></td><td>Cobquecura</td></tr><tr><td style="white-space:nowrap">10103<a name="CSCodComunasCL-10103"> </a></td><td>Cochamó</td></tr><tr><td style="white-space:nowrap">11301<a name="CSCodComunasCL-11301"> </a></td><td>Cochrane</td></tr><tr><td style="white-space:nowrap">06102<a name="CSCodComunasCL-06102"> </a></td><td>Codegua</td></tr><tr><td style="white-space:nowrap">16203<a name="CSCodComunasCL-16203"> </a></td><td>Coelemu</td></tr><tr><td style="white-space:nowrap">11101<a name="CSCodComunasCL-11101"> </a></td><td>Coihaique</td></tr><tr><td style="white-space:nowrap">16302<a name="CSCodComunasCL-16302"> </a></td><td>Coihueco</td></tr><tr><td style="white-space:nowrap">06103<a name="CSCodComunasCL-06103"> </a></td><td>Coinco</td></tr><tr><td style="white-space:nowrap">07402<a name="CSCodComunasCL-07402"> </a></td><td>Colbún</td></tr><tr><td style="white-space:nowrap">01403<a name="CSCodComunasCL-01403"> </a></td><td>Colchane</td></tr><tr><td style="white-space:nowrap">13301<a name="CSCodComunasCL-13301"> </a></td><td>Colina</td></tr><tr><td style="white-space:nowrap">09202<a name="CSCodComunasCL-09202"> </a></td><td>Collipulli</td></tr><tr><td style="white-space:nowrap">06104<a name="CSCodComunasCL-06104"> </a></td><td>Coltauco</td></tr><tr><td style="white-space:nowrap">04302<a name="CSCodComunasCL-04302"> </a></td><td>Combarbalá</td></tr><tr><td style="white-space:nowrap">08101<a name="CSCodComunasCL-08101"> </a></td><td>Concepción</td></tr><tr><td style="white-space:nowrap">13104<a name="CSCodComunasCL-13104"> </a></td><td>Conchalí</td></tr><tr><td style="white-space:nowrap">05103<a name="CSCodComunasCL-05103"> </a></td><td>Concón</td></tr><tr><td style="white-space:nowrap">07102<a name="CSCodComunasCL-07102"> </a></td><td>Constitución</td></tr><tr><td style="white-space:nowrap">08204<a name="CSCodComunasCL-08204"> </a></td><td>Contulmo</td></tr><tr><td style="white-space:nowrap">03101<a name="CSCodComunasCL-03101"> </a></td><td>Copiapó</td></tr><tr><td style="white-space:nowrap">04102<a name="CSCodComunasCL-04102"> </a></td><td>Coquimbo</td></tr><tr><td style="white-space:nowrap">08102<a name="CSCodComunasCL-08102"> </a></td><td>Coronel</td></tr><tr><td style="white-space:nowrap">14102<a name="CSCodComunasCL-14102"> </a></td><td>Corral</td></tr><tr><td style="white-space:nowrap">09103<a name="CSCodComunasCL-09103"> </a></td><td>Cunco</td></tr><tr><td style="white-space:nowrap">09203<a name="CSCodComunasCL-09203"> </a></td><td>Curacautín</td></tr><tr><td style="white-space:nowrap">13503<a name="CSCodComunasCL-13503"> </a></td><td>Curacaví</td></tr><tr><td style="white-space:nowrap">10204<a name="CSCodComunasCL-10204"> </a></td><td>Curaco de Vélez</td></tr><tr><td style="white-space:nowrap">08205<a name="CSCodComunasCL-08205"> </a></td><td>Curanilahue</td></tr><tr><td style="white-space:nowrap">09104<a name="CSCodComunasCL-09104"> </a></td><td>Curarrehue</td></tr><tr><td style="white-space:nowrap">07103<a name="CSCodComunasCL-07103"> </a></td><td>Curepto</td></tr><tr><td style="white-space:nowrap">07301<a name="CSCodComunasCL-07301"> </a></td><td>Curicó</td></tr><tr><td style="white-space:nowrap">10205<a name="CSCodComunasCL-10205"> </a></td><td>Dalcahue</td></tr><tr><td style="white-space:nowrap">03202<a name="CSCodComunasCL-03202"> </a></td><td>Diego de Almagro</td></tr><tr><td style="white-space:nowrap">06105<a name="CSCodComunasCL-06105"> </a></td><td>Doñihue</td></tr><tr><td style="white-space:nowrap">13105<a name="CSCodComunasCL-13105"> </a></td><td>El Bosque</td></tr><tr><td style="white-space:nowrap">16104<a name="CSCodComunasCL-16104"> </a></td><td>El Carmen</td></tr><tr><td style="white-space:nowrap">13602<a name="CSCodComunasCL-13602"> </a></td><td>El Monte</td></tr><tr><td style="white-space:nowrap">05604<a name="CSCodComunasCL-05604"> </a></td><td>El Quisco</td></tr><tr><td style="white-space:nowrap">05605<a name="CSCodComunasCL-05605"> </a></td><td>El Tabo</td></tr><tr><td style="white-space:nowrap">07104<a name="CSCodComunasCL-07104"> </a></td><td>Empedrado</td></tr><tr><td style="white-space:nowrap">09204<a name="CSCodComunasCL-09204"> </a></td><td>Ercilla</td></tr><tr><td style="white-space:nowrap">13106<a name="CSCodComunasCL-13106"> </a></td><td>Estacin Central</td></tr><tr><td style="white-space:nowrap">08104<a name="CSCodComunasCL-08104"> </a></td><td>Florida</td></tr><tr><td style="white-space:nowrap">09105<a name="CSCodComunasCL-09105"> </a></td><td>Freire</td></tr><tr><td style="white-space:nowrap">03303<a name="CSCodComunasCL-03303"> </a></td><td>Freirina</td></tr><tr><td style="white-space:nowrap">10104<a name="CSCodComunasCL-10104"> </a></td><td>Fresia</td></tr><tr><td style="white-space:nowrap">10105<a name="CSCodComunasCL-10105"> </a></td><td>Frutillar</td></tr><tr><td style="white-space:nowrap">10402<a name="CSCodComunasCL-10402"> </a></td><td>Futaleufú</td></tr><tr><td style="white-space:nowrap">14202<a name="CSCodComunasCL-14202"> </a></td><td>Futrono</td></tr><tr><td style="white-space:nowrap">09106<a name="CSCodComunasCL-09106"> </a></td><td>Galvarino</td></tr><tr><td style="white-space:nowrap">15202<a name="CSCodComunasCL-15202"> </a></td><td>General Lagos</td></tr><tr><td style="white-space:nowrap">09107<a name="CSCodComunasCL-09107"> </a></td><td>Gorbea</td></tr><tr><td style="white-space:nowrap">06106<a name="CSCodComunasCL-06106"> </a></td><td>Graneros</td></tr><tr><td style="white-space:nowrap">11203<a name="CSCodComunasCL-11203"> </a></td><td>Guaitecas</td></tr><tr><td style="white-space:nowrap">05503<a name="CSCodComunasCL-05503"> </a></td><td>Hijuelas</td></tr><tr><td style="white-space:nowrap">10403<a name="CSCodComunasCL-10403"> </a></td><td>Hualaihué</td></tr><tr><td style="white-space:nowrap">07302<a name="CSCodComunasCL-07302"> </a></td><td>Hualañé</td></tr><tr><td style="white-space:nowrap">08112<a name="CSCodComunasCL-08112"> </a></td><td>Hualpén</td></tr><tr><td style="white-space:nowrap">08105<a name="CSCodComunasCL-08105"> </a></td><td>Hualqui</td></tr><tr><td style="white-space:nowrap">01404<a name="CSCodComunasCL-01404"> </a></td><td>Huara</td></tr><tr><td style="white-space:nowrap">03304<a name="CSCodComunasCL-03304"> </a></td><td>Huasco</td></tr><tr><td style="white-space:nowrap">13107<a name="CSCodComunasCL-13107"> </a></td><td>Huechuraba</td></tr><tr><td style="white-space:nowrap">04201<a name="CSCodComunasCL-04201"> </a></td><td>Illapel</td></tr><tr><td style="white-space:nowrap">13108<a name="CSCodComunasCL-13108"> </a></td><td>Independencia</td></tr><tr><td style="white-space:nowrap">01101<a name="CSCodComunasCL-01101"> </a></td><td>Iquique</td></tr><tr><td style="white-space:nowrap">13603<a name="CSCodComunasCL-13603"> </a></td><td>Isla de Maipo</td></tr><tr><td style="white-space:nowrap">05201<a name="CSCodComunasCL-05201"> </a></td><td>Isla de Pascua</td></tr><tr><td style="white-space:nowrap">05104<a name="CSCodComunasCL-05104"> </a></td><td>Juan Fernández</td></tr><tr><td style="white-space:nowrap">13109<a name="CSCodComunasCL-13109"> </a></td><td>La Cisterna</td></tr><tr><td style="white-space:nowrap">05504<a name="CSCodComunasCL-05504"> </a></td><td>La Cruz</td></tr><tr><td style="white-space:nowrap">06202<a name="CSCodComunasCL-06202"> </a></td><td>La Estrella</td></tr><tr><td style="white-space:nowrap">13110<a name="CSCodComunasCL-13110"> </a></td><td>La Florida</td></tr><tr><td style="white-space:nowrap">13111<a name="CSCodComunasCL-13111"> </a></td><td>La Granja</td></tr><tr><td style="white-space:nowrap">04104<a name="CSCodComunasCL-04104"> </a></td><td>La Higuera</td></tr><tr><td style="white-space:nowrap">05401<a name="CSCodComunasCL-05401"> </a></td><td>La Ligua</td></tr><tr><td style="white-space:nowrap">13112<a name="CSCodComunasCL-13112"> </a></td><td>La Pintana</td></tr><tr><td style="white-space:nowrap">13113<a name="CSCodComunasCL-13113"> </a></td><td>La Reina</td></tr><tr><td style="white-space:nowrap">04101<a name="CSCodComunasCL-04101"> </a></td><td>La Serena</td></tr><tr><td style="white-space:nowrap">14201<a name="CSCodComunasCL-14201"> </a></td><td>La Unión</td></tr><tr><td style="white-space:nowrap">14203<a name="CSCodComunasCL-14203"> </a></td><td>Lago Ranco</td></tr><tr><td style="white-space:nowrap">11102<a name="CSCodComunasCL-11102"> </a></td><td>Lago Verde</td></tr><tr><td style="white-space:nowrap">12102<a name="CSCodComunasCL-12102"> </a></td><td>Laguna Blanca</td></tr><tr><td style="white-space:nowrap">08304<a name="CSCodComunasCL-08304"> </a></td><td>Laja</td></tr><tr><td style="white-space:nowrap">13302<a name="CSCodComunasCL-13302"> </a></td><td>Lampa</td></tr><tr><td style="white-space:nowrap">14103<a name="CSCodComunasCL-14103"> </a></td><td>Lanco</td></tr><tr><td style="white-space:nowrap">06107<a name="CSCodComunasCL-06107"> </a></td><td>Las Cabras</td></tr><tr><td style="white-space:nowrap">13114<a name="CSCodComunasCL-13114"> </a></td><td>Las Condes</td></tr><tr><td style="white-space:nowrap">09108<a name="CSCodComunasCL-09108"> </a></td><td>Lautaro</td></tr><tr><td style="white-space:nowrap">08201<a name="CSCodComunasCL-08201"> </a></td><td>Lebu</td></tr><tr><td style="white-space:nowrap">07303<a name="CSCodComunasCL-07303"> </a></td><td>Licantén</td></tr><tr><td style="white-space:nowrap">05802<a name="CSCodComunasCL-05802"> </a></td><td>Limache</td></tr><tr><td style="white-space:nowrap">07401<a name="CSCodComunasCL-07401"> </a></td><td>Linares</td></tr><tr><td style="white-space:nowrap">06203<a name="CSCodComunasCL-06203"> </a></td><td>Litueche</td></tr><tr><td style="white-space:nowrap">05703<a name="CSCodComunasCL-05703"> </a></td><td>Llaillay</td></tr><tr><td style="white-space:nowrap">10107<a name="CSCodComunasCL-10107"> </a></td><td>Llanquihue</td></tr><tr><td style="white-space:nowrap">13115<a name="CSCodComunasCL-13115"> </a></td><td>Lo Barnechea</td></tr><tr><td style="white-space:nowrap">13116<a name="CSCodComunasCL-13116"> </a></td><td>Lo Espejo</td></tr><tr><td style="white-space:nowrap">13117<a name="CSCodComunasCL-13117"> </a></td><td>Lo Prado</td></tr><tr><td style="white-space:nowrap">06304<a name="CSCodComunasCL-06304"> </a></td><td>Lolol</td></tr><tr><td style="white-space:nowrap">09109<a name="CSCodComunasCL-09109"> </a></td><td>Loncoche</td></tr><tr><td style="white-space:nowrap">07403<a name="CSCodComunasCL-07403"> </a></td><td>Longaví</td></tr><tr><td style="white-space:nowrap">09205<a name="CSCodComunasCL-09205"> </a></td><td>Lonquimay</td></tr><tr><td style="white-space:nowrap">08206<a name="CSCodComunasCL-08206"> </a></td><td>Los Álamos</td></tr><tr><td style="white-space:nowrap">05301<a name="CSCodComunasCL-05301"> </a></td><td>Los Andes</td></tr><tr><td style="white-space:nowrap">08301<a name="CSCodComunasCL-08301"> </a></td><td>Los Ángeles</td></tr><tr><td style="white-space:nowrap">14104<a name="CSCodComunasCL-14104"> </a></td><td>Los Lagos</td></tr><tr><td style="white-space:nowrap">10106<a name="CSCodComunasCL-10106"> </a></td><td>Los Muermos</td></tr><tr><td style="white-space:nowrap">09206<a name="CSCodComunasCL-09206"> </a></td><td>Los Sauces</td></tr><tr><td style="white-space:nowrap">04203<a name="CSCodComunasCL-04203"> </a></td><td>Los Vilos</td></tr><tr><td style="white-space:nowrap">08106<a name="CSCodComunasCL-08106"> </a></td><td>Lota</td></tr><tr><td style="white-space:nowrap">09207<a name="CSCodComunasCL-09207"> </a></td><td>Lumaco</td></tr><tr><td style="white-space:nowrap">06108<a name="CSCodComunasCL-06108"> </a></td><td>Machalí</td></tr><tr><td style="white-space:nowrap">13118<a name="CSCodComunasCL-13118"> </a></td><td>Macul</td></tr><tr><td style="white-space:nowrap">14105<a name="CSCodComunasCL-14105"> </a></td><td>Máfil</td></tr><tr><td style="white-space:nowrap">13119<a name="CSCodComunasCL-13119"> </a></td><td>Maipú</td></tr><tr><td style="white-space:nowrap">06109<a name="CSCodComunasCL-06109"> </a></td><td>Malloa</td></tr><tr><td style="white-space:nowrap">06204<a name="CSCodComunasCL-06204"> </a></td><td>Marchihue</td></tr><tr><td style="white-space:nowrap">02302<a name="CSCodComunasCL-02302"> </a></td><td>María Elena</td></tr><tr><td style="white-space:nowrap">13504<a name="CSCodComunasCL-13504"> </a></td><td>María Pinto</td></tr><tr><td style="white-space:nowrap">14106<a name="CSCodComunasCL-14106"> </a></td><td>Mariquina</td></tr><tr><td style="white-space:nowrap">07105<a name="CSCodComunasCL-07105"> </a></td><td>Maule</td></tr><tr><td style="white-space:nowrap">10108<a name="CSCodComunasCL-10108"> </a></td><td>Maullín</td></tr><tr><td style="white-space:nowrap">02102<a name="CSCodComunasCL-02102"> </a></td><td>Mejillones</td></tr><tr><td style="white-space:nowrap">09110<a name="CSCodComunasCL-09110"> </a></td><td>Melipeuco</td></tr><tr><td style="white-space:nowrap">13501<a name="CSCodComunasCL-13501"> </a></td><td>Melipilla</td></tr><tr><td style="white-space:nowrap">07304<a name="CSCodComunasCL-07304"> </a></td><td>Molina</td></tr><tr><td style="white-space:nowrap">04303<a name="CSCodComunasCL-04303"> </a></td><td>Monte Patria</td></tr><tr><td style="white-space:nowrap">06110<a name="CSCodComunasCL-06110"> </a></td><td>Mostazal</td></tr><tr><td style="white-space:nowrap">08305<a name="CSCodComunasCL-08305"> </a></td><td>Mulchén</td></tr><tr><td style="white-space:nowrap">08306<a name="CSCodComunasCL-08306"> </a></td><td>Nacimiento</td></tr><tr><td style="white-space:nowrap">06305<a name="CSCodComunasCL-06305"> </a></td><td>Nancagua</td></tr><tr><td style="white-space:nowrap">12401<a name="CSCodComunasCL-12401"> </a></td><td>Natales</td></tr><tr><td style="white-space:nowrap">06205<a name="CSCodComunasCL-06205"> </a></td><td>Navidad</td></tr><tr><td style="white-space:nowrap">08307<a name="CSCodComunasCL-08307"> </a></td><td>Negrete</td></tr><tr><td style="white-space:nowrap">16204<a name="CSCodComunasCL-16204"> </a></td><td>Ninhue</td></tr><tr><td style="white-space:nowrap">16303<a name="CSCodComunasCL-16303"> </a></td><td>Ñiquén</td></tr><tr><td style="white-space:nowrap">05506<a name="CSCodComunasCL-05506"> </a></td><td>Nogales</td></tr><tr><td style="white-space:nowrap">09111<a name="CSCodComunasCL-09111"> </a></td><td>Nueva Imperial</td></tr><tr><td style="white-space:nowrap">13120<a name="CSCodComunasCL-13120"> </a></td><td>ÑuÑoa</td></tr><tr><td style="white-space:nowrap">06111<a name="CSCodComunasCL-06111"> </a></td><td>Olivar</td></tr><tr><td style="white-space:nowrap">02202<a name="CSCodComunasCL-02202"> </a></td><td>Ollagüe</td></tr><tr><td style="white-space:nowrap">05803<a name="CSCodComunasCL-05803"> </a></td><td>Olmué</td></tr><tr><td style="white-space:nowrap">10301<a name="CSCodComunasCL-10301"> </a></td><td>Osorno</td></tr><tr><td style="white-space:nowrap">04301<a name="CSCodComunasCL-04301"> </a></td><td>Ovalle</td></tr><tr><td style="white-space:nowrap">11302<a name="CSCodComunasCL-11302"> </a></td><td>O&#39;Higgins</td></tr><tr><td style="white-space:nowrap">13604<a name="CSCodComunasCL-13604"> </a></td><td>Padre Hurtado</td></tr><tr><td style="white-space:nowrap">09112<a name="CSCodComunasCL-09112"> </a></td><td>Padre las Casas</td></tr><tr><td style="white-space:nowrap">04105<a name="CSCodComunasCL-04105"> </a></td><td>Paiguano</td></tr><tr><td style="white-space:nowrap">14107<a name="CSCodComunasCL-14107"> </a></td><td>Paillaco</td></tr><tr><td style="white-space:nowrap">13404<a name="CSCodComunasCL-13404"> </a></td><td>Paine</td></tr><tr><td style="white-space:nowrap">10404<a name="CSCodComunasCL-10404"> </a></td><td>Palena</td></tr><tr><td style="white-space:nowrap">06306<a name="CSCodComunasCL-06306"> </a></td><td>Palmilla</td></tr><tr><td style="white-space:nowrap">14108<a name="CSCodComunasCL-14108"> </a></td><td>Panguipulli</td></tr><tr><td style="white-space:nowrap">05704<a name="CSCodComunasCL-05704"> </a></td><td>Panquehue</td></tr><tr><td style="white-space:nowrap">05403<a name="CSCodComunasCL-05403"> </a></td><td>Papudo</td></tr><tr><td style="white-space:nowrap">06206<a name="CSCodComunasCL-06206"> </a></td><td>Paredones</td></tr><tr><td style="white-space:nowrap">07404<a name="CSCodComunasCL-07404"> </a></td><td>Parral</td></tr><tr><td style="white-space:nowrap">13121<a name="CSCodComunasCL-13121"> </a></td><td>Pedro Aguirre Cerda</td></tr><tr><td style="white-space:nowrap">07106<a name="CSCodComunasCL-07106"> </a></td><td>Pelarco</td></tr><tr><td style="white-space:nowrap">07203<a name="CSCodComunasCL-07203"> </a></td><td>Pelluhue</td></tr><tr><td style="white-space:nowrap">16105<a name="CSCodComunasCL-16105"> </a></td><td>Pemuco</td></tr><tr><td style="white-space:nowrap">13605<a name="CSCodComunasCL-13605"> </a></td><td>Peñaflor</td></tr><tr><td style="white-space:nowrap">13122<a name="CSCodComunasCL-13122"> </a></td><td>Peñalolén</td></tr><tr><td style="white-space:nowrap">07107<a name="CSCodComunasCL-07107"> </a></td><td>Pencahue</td></tr><tr><td style="white-space:nowrap">08107<a name="CSCodComunasCL-08107"> </a></td><td>Penco</td></tr><tr><td style="white-space:nowrap">06307<a name="CSCodComunasCL-06307"> </a></td><td>Peralillo</td></tr><tr><td style="white-space:nowrap">09113<a name="CSCodComunasCL-09113"> </a></td><td>Perquenco</td></tr><tr><td style="white-space:nowrap">05404<a name="CSCodComunasCL-05404"> </a></td><td>Petorca</td></tr><tr><td style="white-space:nowrap">06112<a name="CSCodComunasCL-06112"> </a></td><td>Peumo</td></tr><tr><td style="white-space:nowrap">01405<a name="CSCodComunasCL-01405"> </a></td><td>Pica</td></tr><tr><td style="white-space:nowrap">06113<a name="CSCodComunasCL-06113"> </a></td><td>Pichidegua</td></tr><tr><td style="white-space:nowrap">06201<a name="CSCodComunasCL-06201"> </a></td><td>Pichilemu</td></tr><tr><td style="white-space:nowrap">16106<a name="CSCodComunasCL-16106"> </a></td><td>Pinto</td></tr><tr><td style="white-space:nowrap">13202<a name="CSCodComunasCL-13202"> </a></td><td>Pirque</td></tr><tr><td style="white-space:nowrap">09114<a name="CSCodComunasCL-09114"> </a></td><td>Pitrufquén</td></tr><tr><td style="white-space:nowrap">06308<a name="CSCodComunasCL-06308"> </a></td><td>Placilla</td></tr><tr><td style="white-space:nowrap">16205<a name="CSCodComunasCL-16205"> </a></td><td>Portezuelo</td></tr><tr><td style="white-space:nowrap">12301<a name="CSCodComunasCL-12301"> </a></td><td>Porvenir</td></tr><tr><td style="white-space:nowrap">01401<a name="CSCodComunasCL-01401"> </a></td><td>Pozo Almonte</td></tr><tr><td style="white-space:nowrap">12302<a name="CSCodComunasCL-12302"> </a></td><td>Primavera</td></tr><tr><td style="white-space:nowrap">13123<a name="CSCodComunasCL-13123"> </a></td><td>Providencia</td></tr><tr><td style="white-space:nowrap">05105<a name="CSCodComunasCL-05105"> </a></td><td>Puchuncaví</td></tr><tr><td style="white-space:nowrap">09115<a name="CSCodComunasCL-09115"> </a></td><td>Pucón</td></tr><tr><td style="white-space:nowrap">13124<a name="CSCodComunasCL-13124"> </a></td><td>Pudahuel</td></tr><tr><td style="white-space:nowrap">13201<a name="CSCodComunasCL-13201"> </a></td><td>Puente Alto</td></tr><tr><td style="white-space:nowrap">10101<a name="CSCodComunasCL-10101"> </a></td><td>Puerto Montt</td></tr><tr><td style="white-space:nowrap">10302<a name="CSCodComunasCL-10302"> </a></td><td>Puerto Octay</td></tr><tr><td style="white-space:nowrap">10109<a name="CSCodComunasCL-10109"> </a></td><td>Puerto Varas</td></tr><tr><td style="white-space:nowrap">06309<a name="CSCodComunasCL-06309"> </a></td><td>Pumanque</td></tr><tr><td style="white-space:nowrap">04304<a name="CSCodComunasCL-04304"> </a></td><td>Punitaqui</td></tr><tr><td style="white-space:nowrap">12101<a name="CSCodComunasCL-12101"> </a></td><td>Punta Arenas</td></tr><tr><td style="white-space:nowrap">10206<a name="CSCodComunasCL-10206"> </a></td><td>Puqueldón</td></tr><tr><td style="white-space:nowrap">09208<a name="CSCodComunasCL-09208"> </a></td><td>Purén</td></tr><tr><td style="white-space:nowrap">10303<a name="CSCodComunasCL-10303"> </a></td><td>Purranque</td></tr><tr><td style="white-space:nowrap">05705<a name="CSCodComunasCL-05705"> </a></td><td>Putaendo</td></tr><tr><td style="white-space:nowrap">15201<a name="CSCodComunasCL-15201"> </a></td><td>Putre</td></tr><tr><td style="white-space:nowrap">10304<a name="CSCodComunasCL-10304"> </a></td><td>Puyehue</td></tr><tr><td style="white-space:nowrap">10207<a name="CSCodComunasCL-10207"> </a></td><td>Queilén</td></tr><tr><td style="white-space:nowrap">10208<a name="CSCodComunasCL-10208"> </a></td><td>Quellón</td></tr><tr><td style="white-space:nowrap">10209<a name="CSCodComunasCL-10209"> </a></td><td>Quemchi</td></tr><tr><td style="white-space:nowrap">08308<a name="CSCodComunasCL-08308"> </a></td><td>Quilaco</td></tr><tr><td style="white-space:nowrap">13125<a name="CSCodComunasCL-13125"> </a></td><td>Quilicura</td></tr><tr><td style="white-space:nowrap">08309<a name="CSCodComunasCL-08309"> </a></td><td>Quilleco</td></tr><tr><td style="white-space:nowrap">16107<a name="CSCodComunasCL-16107"> </a></td><td>Quillón</td></tr><tr><td style="white-space:nowrap">05501<a name="CSCodComunasCL-05501"> </a></td><td>Quillota</td></tr><tr><td style="white-space:nowrap">05801<a name="CSCodComunasCL-05801"> </a></td><td>Quilpué</td></tr><tr><td style="white-space:nowrap">10210<a name="CSCodComunasCL-10210"> </a></td><td>Quinchao</td></tr><tr><td style="white-space:nowrap">06114<a name="CSCodComunasCL-06114"> </a></td><td>Quinta de Tilcoco</td></tr><tr><td style="white-space:nowrap">13126<a name="CSCodComunasCL-13126"> </a></td><td>Quinta Normal</td></tr><tr><td style="white-space:nowrap">05107<a name="CSCodComunasCL-05107"> </a></td><td>Quintero</td></tr><tr><td style="white-space:nowrap">16201<a name="CSCodComunasCL-16201"> </a></td><td>Quirihue</td></tr><tr><td style="white-space:nowrap">06101<a name="CSCodComunasCL-06101"> </a></td><td>Rancagua</td></tr><tr><td style="white-space:nowrap">16206<a name="CSCodComunasCL-16206"> </a></td><td>Ránquil</td></tr><tr><td style="white-space:nowrap">07305<a name="CSCodComunasCL-07305"> </a></td><td>Rauco</td></tr><tr><td style="white-space:nowrap">13127<a name="CSCodComunasCL-13127"> </a></td><td>Recoleta</td></tr><tr><td style="white-space:nowrap">09209<a name="CSCodComunasCL-09209"> </a></td><td>Renaico</td></tr><tr><td style="white-space:nowrap">13128<a name="CSCodComunasCL-13128"> </a></td><td>Renca</td></tr><tr><td style="white-space:nowrap">06115<a name="CSCodComunasCL-06115"> </a></td><td>Rengo</td></tr><tr><td style="white-space:nowrap">06116<a name="CSCodComunasCL-06116"> </a></td><td>Requínoa</td></tr><tr><td style="white-space:nowrap">07405<a name="CSCodComunasCL-07405"> </a></td><td>Retiro</td></tr><tr><td style="white-space:nowrap">05303<a name="CSCodComunasCL-05303"> </a></td><td>Rinconada</td></tr><tr><td style="white-space:nowrap">14204<a name="CSCodComunasCL-14204"> </a></td><td>Río Bueno</td></tr><tr><td style="white-space:nowrap">07108<a name="CSCodComunasCL-07108"> </a></td><td>Río Claro</td></tr><tr><td style="white-space:nowrap">04305<a name="CSCodComunasCL-04305"> </a></td><td>Río Hurtado</td></tr><tr><td style="white-space:nowrap">11402<a name="CSCodComunasCL-11402"> </a></td><td>Río Ibáñez</td></tr><tr><td style="white-space:nowrap">10305<a name="CSCodComunasCL-10305"> </a></td><td>Río Negro</td></tr><tr><td style="white-space:nowrap">12103<a name="CSCodComunasCL-12103"> </a></td><td>Río Verde</td></tr><tr><td style="white-space:nowrap">07306<a name="CSCodComunasCL-07306"> </a></td><td>Romeral</td></tr><tr><td style="white-space:nowrap">09116<a name="CSCodComunasCL-09116"> </a></td><td>Saavedra</td></tr><tr><td style="white-space:nowrap">07307<a name="CSCodComunasCL-07307"> </a></td><td>Sagrada Familia</td></tr><tr><td style="white-space:nowrap">04204<a name="CSCodComunasCL-04204"> </a></td><td>Salamanca</td></tr><tr><td style="white-space:nowrap">05601<a name="CSCodComunasCL-05601"> </a></td><td>San Antonio</td></tr><tr><td style="white-space:nowrap">13401<a name="CSCodComunasCL-13401"> </a></td><td>San Bernardo</td></tr><tr><td style="white-space:nowrap">16301<a name="CSCodComunasCL-16301"> </a></td><td>San Carlos</td></tr><tr><td style="white-space:nowrap">07109<a name="CSCodComunasCL-07109"> </a></td><td>San Clemente</td></tr><tr><td style="white-space:nowrap">05304<a name="CSCodComunasCL-05304"> </a></td><td>San Esteban</td></tr><tr><td style="white-space:nowrap">16304<a name="CSCodComunasCL-16304"> </a></td><td>San Fabián</td></tr><tr><td style="white-space:nowrap">05701<a name="CSCodComunasCL-05701"> </a></td><td>San Felipe</td></tr><tr><td style="white-space:nowrap">06301<a name="CSCodComunasCL-06301"> </a></td><td>San Fernando</td></tr><tr><td style="white-space:nowrap">12104<a name="CSCodComunasCL-12104"> </a></td><td>San Gregorio</td></tr><tr><td style="white-space:nowrap">16108<a name="CSCodComunasCL-16108"> </a></td><td>San Ignacio</td></tr><tr><td style="white-space:nowrap">07406<a name="CSCodComunasCL-07406"> </a></td><td>San Javier</td></tr><tr><td style="white-space:nowrap">13129<a name="CSCodComunasCL-13129"> </a></td><td>San Joaquín</td></tr><tr><td style="white-space:nowrap">13203<a name="CSCodComunasCL-13203"> </a></td><td>San José de Maipo</td></tr><tr><td style="white-space:nowrap">10306<a name="CSCodComunasCL-10306"> </a></td><td>San Juan de la Costa</td></tr><tr><td style="white-space:nowrap">13130<a name="CSCodComunasCL-13130"> </a></td><td>San Miguel</td></tr><tr><td style="white-space:nowrap">16305<a name="CSCodComunasCL-16305"> </a></td><td>San Nicolás</td></tr><tr><td style="white-space:nowrap">10307<a name="CSCodComunasCL-10307"> </a></td><td>San Pablo</td></tr><tr><td style="white-space:nowrap">13505<a name="CSCodComunasCL-13505"> </a></td><td>San Pedro</td></tr><tr><td style="white-space:nowrap">02203<a name="CSCodComunasCL-02203"> </a></td><td>San Pedro de Atacama</td></tr><tr><td style="white-space:nowrap">08108<a name="CSCodComunasCL-08108"> </a></td><td>San Pedro de la Paz</td></tr><tr><td style="white-space:nowrap">07110<a name="CSCodComunasCL-07110"> </a></td><td>San Rafael</td></tr><tr><td style="white-space:nowrap">13131<a name="CSCodComunasCL-13131"> </a></td><td>San Ramón</td></tr><tr><td style="white-space:nowrap">08310<a name="CSCodComunasCL-08310"> </a></td><td>San Rosendo</td></tr><tr><td style="white-space:nowrap">06117<a name="CSCodComunasCL-06117"> </a></td><td>San Vicente</td></tr><tr><td style="white-space:nowrap">08311<a name="CSCodComunasCL-08311"> </a></td><td>Santa Bárbara</td></tr><tr><td style="white-space:nowrap">06310<a name="CSCodComunasCL-06310"> </a></td><td>Santa Cruz</td></tr><tr><td style="white-space:nowrap">08109<a name="CSCodComunasCL-08109"> </a></td><td>Santa Juana</td></tr><tr><td style="white-space:nowrap">05706<a name="CSCodComunasCL-05706"> </a></td><td>Santa María</td></tr><tr><td style="white-space:nowrap">13101<a name="CSCodComunasCL-13101"> </a></td><td>Santiago Centro</td></tr><tr><td style="white-space:nowrap">05606<a name="CSCodComunasCL-05606"> </a></td><td>Santo Domingo</td></tr><tr><td style="white-space:nowrap">02103<a name="CSCodComunasCL-02103"> </a></td><td>Sierra Gorda</td></tr><tr><td style="white-space:nowrap">13601<a name="CSCodComunasCL-13601"> </a></td><td>Talagante</td></tr><tr><td style="white-space:nowrap">07101<a name="CSCodComunasCL-07101"> </a></td><td>Talca</td></tr><tr><td style="white-space:nowrap">08110<a name="CSCodComunasCL-08110"> </a></td><td>Talcahuano</td></tr><tr><td style="white-space:nowrap">02104<a name="CSCodComunasCL-02104"> </a></td><td>Taltal</td></tr><tr><td style="white-space:nowrap">09101<a name="CSCodComunasCL-09101"> </a></td><td>Temuco</td></tr><tr><td style="white-space:nowrap">07308<a name="CSCodComunasCL-07308"> </a></td><td>Teno</td></tr><tr><td style="white-space:nowrap">09117<a name="CSCodComunasCL-09117"> </a></td><td>Teodoro Schmidt</td></tr><tr><td style="white-space:nowrap">03103<a name="CSCodComunasCL-03103"> </a></td><td>Tierra Amarilla</td></tr><tr><td style="white-space:nowrap">13303<a name="CSCodComunasCL-13303"> </a></td><td>Tiltil</td></tr><tr><td style="white-space:nowrap">12303<a name="CSCodComunasCL-12303"> </a></td><td>Timaukel</td></tr><tr><td style="white-space:nowrap">08207<a name="CSCodComunasCL-08207"> </a></td><td>Tirúa</td></tr><tr><td style="white-space:nowrap">02301<a name="CSCodComunasCL-02301"> </a></td><td>Tocopilla</td></tr><tr><td style="white-space:nowrap">09118<a name="CSCodComunasCL-09118"> </a></td><td>Toltén</td></tr><tr><td style="white-space:nowrap">08111<a name="CSCodComunasCL-08111"> </a></td><td>Tomé</td></tr><tr><td style="white-space:nowrap">12402<a name="CSCodComunasCL-12402"> </a></td><td>Torres del Paine</td></tr><tr><td style="white-space:nowrap">11303<a name="CSCodComunasCL-11303"> </a></td><td>Tortel</td></tr><tr><td style="white-space:nowrap">09210<a name="CSCodComunasCL-09210"> </a></td><td>Traiguén</td></tr><tr><td style="white-space:nowrap">16207<a name="CSCodComunasCL-16207"> </a></td><td>Treguaco</td></tr><tr><td style="white-space:nowrap">08312<a name="CSCodComunasCL-08312"> </a></td><td>Tucapel</td></tr><tr><td style="white-space:nowrap">14101<a name="CSCodComunasCL-14101"> </a></td><td>Valdivia</td></tr><tr><td style="white-space:nowrap">03301<a name="CSCodComunasCL-03301"> </a></td><td>Vallenar</td></tr><tr><td style="white-space:nowrap">05101<a name="CSCodComunasCL-05101"> </a></td><td>Valparaíso</td></tr><tr><td style="white-space:nowrap">07309<a name="CSCodComunasCL-07309"> </a></td><td>Vichuqué</td></tr><tr><td style="white-space:nowrap">09211<a name="CSCodComunasCL-09211"> </a></td><td>Victoria</td></tr><tr><td style="white-space:nowrap">04106<a name="CSCodComunasCL-04106"> </a></td><td>Vicuña</td></tr><tr><td style="white-space:nowrap">09119<a name="CSCodComunasCL-09119"> </a></td><td>Vilcún</td></tr><tr><td style="white-space:nowrap">07407<a name="CSCodComunasCL-07407"> </a></td><td>Villa Alegre</td></tr><tr><td style="white-space:nowrap">05804<a name="CSCodComunasCL-05804"> </a></td><td>Villa Alemana</td></tr><tr><td style="white-space:nowrap">09120<a name="CSCodComunasCL-09120"> </a></td><td>Villarrica</td></tr><tr><td style="white-space:nowrap">05109<a name="CSCodComunasCL-05109"> </a></td><td>Viña del Mar</td></tr><tr><td style="white-space:nowrap">13132<a name="CSCodComunasCL-13132"> </a></td><td>Vitacura</td></tr><tr><td style="white-space:nowrap">07408<a name="CSCodComunasCL-07408"> </a></td><td>Yerbas Buenas</td></tr><tr><td style="white-space:nowrap">08313<a name="CSCodComunasCL-08313"> </a></td><td>Yumbel</td></tr><tr><td style="white-space:nowrap">16109<a name="CSCodComunasCL-16109"> </a></td><td>Yungay</td></tr><tr><td style="white-space:nowrap">05405<a name="CSCodComunasCL-05405"> </a></td><td>Zapallar</td></tr></table></div></text><url value="https://hl7chile.cl/fhir/ig/CoreCL/CodeSystem/CSCodComunasCL"/><version value="1.0.0"/><name value="CSCodComunasCL"/><title value="Códigos de Comunas en Chile"/><status value="active"/><date value="2022-01-18T00:00:00-03:00"/><publisher value="HL7 Chile"/><contact><name value="HL7 Chile"/><telecom><system value="url"/><value value="http://hl7chile.cl"/></telecom><telecom><system value="email"/><value value="chair@hl7chile.cl"/></telecom></contact><description value="Códigos de Comunas para Chile según Códigos Únicos Territoriales Actualizados, por Decreto exento No 817 del Ministerio del Interior"/><jurisdiction><coding><system value="urn:iso:std:iso:3166"/><code value="CL"/><display value="Chile"/></coding></jurisdiction><copyright value="Usado con el permiso de HL7 International, todos los derechos resevados en los Licencias de HL7 Internacional."/><content value="complete"/><count value="346"/><concept><code value="05602"/><display value="Algarrobo"/></concept><concept><code value="13502"/><display value="Alhué"/></concept><concept><code value="08314"/><display value="Alto Biobío"/></concept><concept><code value="03302"/><display value="Alto del Carmen"/></concept><concept><code value="01107"/><display value="Alto Hospicio"/></concept><concept><code value="10202"/><display value="Ancud"/></concept><concept><code value="04103"/><display value="Andacollo"/></concept><concept><code value="09201"/><display value="Angol"/></concept><concept><code value="12202"/><display value="Antartica"/></concept><concept><code value="02101"/><display value="Antofagasta"/></concept><concept><code value="08302"/><display value="Antuco"/></concept><concept><code value="08202"/><display value="Arauco"/></concept><concept><code value="15101"/><display value="Arica"/></concept><concept><code value="11201"/><display value="Aysén"/></concept><concept><code value="13402"/><display value="Buin"/></concept><concept><code value="16102"/><display value="Bulnes"/></concept><concept><code value="05402"/><display value="Cabildo"/></concept><concept><code value="12201"/><display value="Cabo de Hornos"/></concept><concept><code value="08303"/><display value="Cabrero"/></concept><concept><code value="02201"/><display value="Calama"/></concept><concept><code value="10102"/><display value="Calbuco"/></concept><concept><code value="03102"/><display value="Caldera"/></concept><concept><code value="05502"/><display value="Calera"/></concept><concept><code value="13403"/><display value="Calera de Tango"/></concept><concept><code value="05302"/><display value="Calle Larga"/></concept><concept><code value="15102"/><display value="Camarones"/></concept><concept><code value="01402"/><display value="Camiña"/></concept><concept><code value="04202"/><display value="Canela"/></concept><concept><code value="08203"/><display value="Cañete"/></concept><concept><code value="09102"/><display value="Carahue"/></concept><concept><code value="05603"/><display value="Cartagena"/></concept><concept><code value="05102"/><display value="Casablanca"/></concept><concept><code value="10201"/><display value="Castro"/></concept><concept><code value="05702"/><display value="Catemu"/></concept><concept><code value="07201"/><display value="Cauquenes"/></concept><concept><code value="13102"/><display value="Cerrillos"/></concept><concept><code value="13103"/><display value="Cerro Navia"/></concept><concept><code value="10401"/><display value="Chaitén"/></concept><concept><code value="03201"/><display value="Chañaral"/></concept><concept><code value="07202"/><display value="Chanco"/></concept><concept><code value="06302"/><display value="Chépica"/></concept><concept><code value="08103"/><display value="Chiguayante"/></concept><concept><code value="11401"/><display value="Chile Chico"/></concept><concept><code value="16101"/><display value="Chillán"/></concept><concept><code value="16103"/><display value="Chillán Viejo"/></concept><concept><code value="06303"/><display value="Chimbarongo"/></concept><concept><code value="09121"/><display value="Cholchol"/></concept><concept><code value="10203"/><display value="Chonchi"/></concept><concept><code value="11202"/><display value="Cisnes"/></concept><concept><code value="16202"/><display value="Cobquecura"/></concept><concept><code value="10103"/><display value="Cochamó"/></concept><concept><code value="11301"/><display value="Cochrane"/></concept><concept><code value="06102"/><display value="Codegua"/></concept><concept><code value="16203"/><display value="Coelemu"/></concept><concept><code value="11101"/><display value="Coihaique"/></concept><concept><code value="16302"/><display value="Coihueco"/></concept><concept><code value="06103"/><display value="Coinco"/></concept><concept><code value="07402"/><display value="Colbún"/></concept><concept><code value="01403"/><display value="Colchane"/></concept><concept><code value="13301"/><display value="Colina"/></concept><concept><code value="09202"/><display value="Collipulli"/></concept><concept><code value="06104"/><display value="Coltauco"/></concept><concept><code value="04302"/><display value="Combarbalá"/></concept><concept><code value="08101"/><display value="Concepción"/></concept><concept><code value="13104"/><display value="Conchalí"/></concept><concept><code value="05103"/><display value="Concón"/></concept><concept><code value="07102"/><display value="Constitución"/></concept><concept><code value="08204"/><display value="Contulmo"/></concept><concept><code value="03101"/><display value="Copiapó"/></concept><concept><code value="04102"/><display value="Coquimbo"/></concept><concept><code value="08102"/><display value="Coronel"/></concept><concept><code value="14102"/><display value="Corral"/></concept><concept><code value="09103"/><display value="Cunco"/></concept><concept><code value="09203"/><display value="Curacautín"/></concept><concept><code value="13503"/><display value="Curacaví"/></concept><concept><code value="10204"/><display value="Curaco de Vélez"/></concept><concept><code value="08205"/><display value="Curanilahue"/></concept><concept><code value="09104"/><display value="Curarrehue"/></concept><concept><code value="07103"/><display value="Curepto"/></concept><concept><code value="07301"/><display value="Curicó"/></concept><concept><code value="10205"/><display value="Dalcahue"/></concept><concept><code value="03202"/><display value="Diego de Almagro"/></concept><concept><code value="06105"/><display value="Doñihue"/></concept><concept><code value="13105"/><display value="El Bosque"/></concept><concept><code value="16104"/><display value="El Carmen"/></concept><concept><code value="13602"/><display value="El Monte"/></concept><concept><code value="05604"/><display value="El Quisco"/></concept><concept><code value="05605"/><display value="El Tabo"/></concept><concept><code value="07104"/><display value="Empedrado"/></concept><concept><code value="09204"/><display value="Ercilla"/></concept><concept><code value="13106"/><display value="Estacin Central"/></concept><concept><code value="08104"/><display value="Florida"/></concept><concept><code value="09105"/><display value="Freire"/></concept><concept><code value="03303"/><display value="Freirina"/></concept><concept><code value="10104"/><display value="Fresia"/></concept><concept><code value="10105"/><display value="Frutillar"/></concept><concept><code value="10402"/><display value="Futaleufú"/></concept><concept><code value="14202"/><display value="Futrono"/></concept><concept><code value="09106"/><display value="Galvarino"/></concept><concept><code value="15202"/><display value="General Lagos"/></concept><concept><code value="09107"/><display value="Gorbea"/></concept><concept><code value="06106"/><display value="Graneros"/></concept><concept><code value="11203"/><display value="Guaitecas"/></concept><concept><code value="05503"/><display value="Hijuelas"/></concept><concept><code value="10403"/><display value="Hualaihué"/></concept><concept><code value="07302"/><display value="Hualañé"/></concept><concept><code value="08112"/><display value="Hualpén"/></concept><concept><code value="08105"/><display value="Hualqui"/></concept><concept><code value="01404"/><display value="Huara"/></concept><concept><code value="03304"/><display value="Huasco"/></concept><concept><code value="13107"/><display value="Huechuraba"/></concept><concept><code value="04201"/><display value="Illapel"/></concept><concept><code value="13108"/><display value="Independencia"/></concept><concept><code value="01101"/><display value="Iquique"/></concept><concept><code value="13603"/><display value="Isla de Maipo"/></concept><concept><code value="05201"/><display value="Isla de Pascua"/></concept><concept><code value="05104"/><display value="Juan Fernández"/></concept><concept><code value="13109"/><display value="La Cisterna"/></concept><concept><code value="05504"/><display value="La Cruz"/></concept><concept><code value="06202"/><display value="La Estrella"/></concept><concept><code value="13110"/><display value="La Florida"/></concept><concept><code value="13111"/><display value="La Granja"/></concept><concept><code value="04104"/><display value="La Higuera"/></concept><concept><code value="05401"/><display value="La Ligua"/></concept><concept><code value="13112"/><display value="La Pintana"/></concept><concept><code value="13113"/><display value="La Reina"/></concept><concept><code value="04101"/><display value="La Serena"/></concept><concept><code value="14201"/><display value="La Unión"/></concept><concept><code value="14203"/><display value="Lago Ranco"/></concept><concept><code value="11102"/><display value="Lago Verde"/></concept><concept><code value="12102"/><display value="Laguna Blanca"/></concept><concept><code value="08304"/><display value="Laja"/></concept><concept><code value="13302"/><display value="Lampa"/></concept><concept><code value="14103"/><display value="Lanco"/></concept><concept><code value="06107"/><display value="Las Cabras"/></concept><concept><code value="13114"/><display value="Las Condes"/></concept><concept><code value="09108"/><display value="Lautaro"/></concept><concept><code value="08201"/><display value="Lebu"/></concept><concept><code value="07303"/><display value="Licantén"/></concept><concept><code value="05802"/><display value="Limache"/></concept><concept><code value="07401"/><display value="Linares"/></concept><concept><code value="06203"/><display value="Litueche"/></concept><concept><code value="05703"/><display value="Llaillay"/></concept><concept><code value="10107"/><display value="Llanquihue"/></concept><concept><code value="13115"/><display value="Lo Barnechea"/></concept><concept><code value="13116"/><display value="Lo Espejo"/></concept><concept><code value="13117"/><display value="Lo Prado"/></concept><concept><code value="06304"/><display value="Lolol"/></concept><concept><code value="09109"/><display value="Loncoche"/></concept><concept><code value="07403"/><display value="Longaví"/></concept><concept><code value="09205"/><display value="Lonquimay"/></concept><concept><code value="08206"/><display value="Los Álamos"/></concept><concept><code value="05301"/><display value="Los Andes"/></concept><concept><code value="08301"/><display value="Los Ángeles"/></concept><concept><code value="14104"/><display value="Los Lagos"/></concept><concept><code value="10106"/><display value="Los Muermos"/></concept><concept><code value="09206"/><display value="Los Sauces"/></concept><concept><code value="04203"/><display value="Los Vilos"/></concept><concept><code value="08106"/><display value="Lota"/></concept><concept><code value="09207"/><display value="Lumaco"/></concept><concept><code value="06108"/><display value="Machalí"/></concept><concept><code value="13118"/><display value="Macul"/></concept><concept><code value="14105"/><display value="Máfil"/></concept><concept><code value="13119"/><display value="Maipú"/></concept><concept><code value="06109"/><display value="Malloa"/></concept><concept><code value="06204"/><display value="Marchihue"/></concept><concept><code value="02302"/><display value="María Elena"/></concept><concept><code value="13504"/><display value="María Pinto"/></concept><concept><code value="14106"/><display value="Mariquina"/></concept><concept><code value="07105"/><display value="Maule"/></concept><concept><code value="10108"/><display value="Maullín"/></concept><concept><code value="02102"/><display value="Mejillones"/></concept><concept><code value="09110"/><display value="Melipeuco"/></concept><concept><code value="13501"/><display value="Melipilla"/></concept><concept><code value="07304"/><display value="Molina"/></concept><concept><code value="04303"/><display value="Monte Patria"/></concept><concept><code value="06110"/><display value="Mostazal"/></concept><concept><code value="08305"/><display value="Mulchén"/></concept><concept><code value="08306"/><display value="Nacimiento"/></concept><concept><code value="06305"/><display value="Nancagua"/></concept><concept><code value="12401"/><display value="Natales"/></concept><concept><code value="06205"/><display value="Navidad"/></concept><concept><code value="08307"/><display value="Negrete"/></concept><concept><code value="16204"/><display value="Ninhue"/></concept><concept><code value="16303"/><display value="Ñiquén"/></concept><concept><code value="05506"/><display value="Nogales"/></concept><concept><code value="09111"/><display value="Nueva Imperial"/></concept><concept><code value="13120"/><display value="ÑuÑoa"/></concept><concept><code value="06111"/><display value="Olivar"/></concept><concept><code value="02202"/><display value="Ollagüe"/></concept><concept><code value="05803"/><display value="Olmué"/></concept><concept><code value="10301"/><display value="Osorno"/></concept><concept><code value="04301"/><display value="Ovalle"/></concept><concept><code value="11302"/><display value="O&#39;Higgins"/></concept><concept><code value="13604"/><display value="Padre Hurtado"/></concept><concept><code value="09112"/><display value="Padre las Casas"/></concept><concept><code value="04105"/><display value="Paiguano"/></concept><concept><code value="14107"/><display value="Paillaco"/></concept><concept><code value="13404"/><display value="Paine"/></concept><concept><code value="10404"/><display value="Palena"/></concept><concept><code value="06306"/><display value="Palmilla"/></concept><concept><code value="14108"/><display value="Panguipulli"/></concept><concept><code value="05704"/><display value="Panquehue"/></concept><concept><code value="05403"/><display value="Papudo"/></concept><concept><code value="06206"/><display value="Paredones"/></concept><concept><code value="07404"/><display value="Parral"/></concept><concept><code value="13121"/><display value="Pedro Aguirre Cerda"/></concept><concept><code value="07106"/><display value="Pelarco"/></concept><concept><code value="07203"/><display value="Pelluhue"/></concept><concept><code value="16105"/><display value="Pemuco"/></concept><concept><code value="13605"/><display value="Peñaflor"/></concept><concept><code value="13122"/><display value="Peñalolén"/></concept><concept><code value="07107"/><display value="Pencahue"/></concept><concept><code value="08107"/><display value="Penco"/></concept><concept><code value="06307"/><display value="Peralillo"/></concept><concept><code value="09113"/><display value="Perquenco"/></concept><concept><code value="05404"/><display value="Petorca"/></concept><concept><code value="06112"/><display value="Peumo"/></concept><concept><code value="01405"/><display value="Pica"/></concept><concept><code value="06113"/><display value="Pichidegua"/></concept><concept><code value="06201"/><display value="Pichilemu"/></concept><concept><code value="16106"/><display value="Pinto"/></concept><concept><code value="13202"/><display value="Pirque"/></concept><concept><code value="09114"/><display value="Pitrufquén"/></concept><concept><code value="06308"/><display value="Placilla"/></concept><concept><code value="16205"/><display value="Portezuelo"/></concept><concept><code value="12301"/><display value="Porvenir"/></concept><concept><code value="01401"/><display value="Pozo Almonte"/></concept><concept><code value="12302"/><display value="Primavera"/></concept><concept><code value="13123"/><display value="Providencia"/></concept><concept><code value="05105"/><display value="Puchuncaví"/></concept><concept><code value="09115"/><display value="Pucón"/></concept><concept><code value="13124"/><display value="Pudahuel"/></concept><concept><code value="13201"/><display value="Puente Alto"/></concept><concept><code value="10101"/><display value="Puerto Montt"/></concept><concept><code value="10302"/><display value="Puerto Octay"/></concept><concept><code value="10109"/><display value="Puerto Varas"/></concept><concept><code value="06309"/><display value="Pumanque"/></concept><concept><code value="04304"/><display value="Punitaqui"/></concept><concept><code value="12101"/><display value="Punta Arenas"/></concept><concept><code value="10206"/><display value="Puqueldón"/></concept><concept><code value="09208"/><display value="Purén"/></concept><concept><code value="10303"/><display value="Purranque"/></concept><concept><code value="05705"/><display value="Putaendo"/></concept><concept><code value="15201"/><display value="Putre"/></concept><concept><code value="10304"/><display value="Puyehue"/></concept><concept><code value="10207"/><display value="Queilén"/></concept><concept><code value="10208"/><display value="Quellón"/></concept><concept><code value="10209"/><display value="Quemchi"/></concept><concept><code value="08308"/><display value="Quilaco"/></concept><concept><code value="13125"/><display value="Quilicura"/></concept><concept><code value="08309"/><display value="Quilleco"/></concept><concept><code value="16107"/><display value="Quillón"/></concept><concept><code value="05501"/><display value="Quillota"/></concept><concept><code value="05801"/><display value="Quilpué"/></concept><concept><code value="10210"/><display value="Quinchao"/></concept><concept><code value="06114"/><display value="Quinta de Tilcoco"/></concept><concept><code value="13126"/><display value="Quinta Normal"/></concept><concept><code value="05107"/><display value="Quintero"/></concept><concept><code value="16201"/><display value="Quirihue"/></concept><concept><code value="06101"/><display value="Rancagua"/></concept><concept><code value="16206"/><display value="Ránquil"/></concept><concept><code value="07305"/><display value="Rauco"/></concept><concept><code value="13127"/><display value="Recoleta"/></concept><concept><code value="09209"/><display value="Renaico"/></concept><concept><code value="13128"/><display value="Renca"/></concept><concept><code value="06115"/><display value="Rengo"/></concept><concept><code value="06116"/><display value="Requínoa"/></concept><concept><code value="07405"/><display value="Retiro"/></concept><concept><code value="05303"/><display value="Rinconada"/></concept><concept><code value="14204"/><display value="Río Bueno"/></concept><concept><code value="07108"/><display value="Río Claro"/></concept><concept><code value="04305"/><display value="Río Hurtado"/></concept><concept><code value="11402"/><display value="Río Ibáñez"/></concept><concept><code value="10305"/><display value="Río Negro"/></concept><concept><code value="12103"/><display value="Río Verde"/></concept><concept><code value="07306"/><display value="Romeral"/></concept><concept><code value="09116"/><display value="Saavedra"/></concept><concept><code value="07307"/><display value="Sagrada Familia"/></concept><concept><code value="04204"/><display value="Salamanca"/></concept><concept><code value="05601"/><display value="San Antonio"/></concept><concept><code value="13401"/><display value="San Bernardo"/></concept><concept><code value="16301"/><display value="San Carlos"/></concept><concept><code value="07109"/><display value="San Clemente"/></concept><concept><code value="05304"/><display value="San Esteban"/></concept><concept><code value="16304"/><display value="San Fabián"/></concept><concept><code value="05701"/><display value="San Felipe"/></concept><concept><code value="06301"/><display value="San Fernando"/></concept><concept><code value="12104"/><display value="San Gregorio"/></concept><concept><code value="16108"/><display value="San Ignacio"/></concept><concept><code value="07406"/><display value="San Javier"/></concept><concept><code value="13129"/><display value="San Joaquín"/></concept><concept><code value="13203"/><display value="San José de Maipo"/></concept><concept><code value="10306"/><display value="San Juan de la Costa"/></concept><concept><code value="13130"/><display value="San Miguel"/></concept><concept><code value="16305"/><display value="San Nicolás"/></concept><concept><code value="10307"/><display value="San Pablo"/></concept><concept><code value="13505"/><display value="San Pedro"/></concept><concept><code value="02203"/><display value="San Pedro de Atacama"/></concept><concept><code value="08108"/><display value="San Pedro de la Paz"/></concept><concept><code value="07110"/><display value="San Rafael"/></concept><concept><code value="13131"/><display value="San Ramón"/></concept><concept><code value="08310"/><display value="San Rosendo"/></concept><concept><code value="06117"/><display value="San Vicente"/></concept><concept><code value="08311"/><display value="Santa Bárbara"/></concept><concept><code value="06310"/><display value="Santa Cruz"/></concept><concept><code value="08109"/><display value="Santa Juana"/></concept><concept><code value="05706"/><display value="Santa María"/></concept><concept><code value="13101"/><display value="Santiago Centro"/></concept><concept><code value="05606"/><display value="Santo Domingo"/></concept><concept><code value="02103"/><display value="Sierra Gorda"/></concept><concept><code value="13601"/><display value="Talagante"/></concept><concept><code value="07101"/><display value="Talca"/></concept><concept><code value="08110"/><display value="Talcahuano"/></concept><concept><code value="02104"/><display value="Taltal"/></concept><concept><code value="09101"/><display value="Temuco"/></concept><concept><code value="07308"/><display value="Teno"/></concept><concept><code value="09117"/><display value="Teodoro Schmidt"/></concept><concept><code value="03103"/><display value="Tierra Amarilla"/></concept><concept><code value="13303"/><display value="Tiltil"/></concept><concept><code value="12303"/><display value="Timaukel"/></concept><concept><code value="08207"/><display value="Tirúa"/></concept><concept><code value="02301"/><display value="Tocopilla"/></concept><concept><code value="09118"/><display value="Toltén"/></concept><concept><code value="08111"/><display value="Tomé"/></concept><concept><code value="12402"/><display value="Torres del Paine"/></concept><concept><code value="11303"/><display value="Tortel"/></concept><concept><code value="09210"/><display value="Traiguén"/></concept><concept><code value="16207"/><display value="Treguaco"/></concept><concept><code value="08312"/><display value="Tucapel"/></concept><concept><code value="14101"/><display value="Valdivia"/></concept><concept><code value="03301"/><display value="Vallenar"/></concept><concept><code value="05101"/><display value="Valparaíso"/></concept><concept><code value="07309"/><display value="Vichuqué"/></concept><concept><code value="09211"/><display value="Victoria"/></concept><concept><code value="04106"/><display value="Vicuña"/></concept><concept><code value="09119"/><display value="Vilcún"/></concept><concept><code value="07407"/><display value="Villa Alegre"/></concept><concept><code value="05804"/><display value="Villa Alemana"/></concept><concept><code value="09120"/><display value="Villarrica"/></concept><concept><code value="05109"/><display value="Viña del Mar"/></concept><concept><code value="13132"/><display value="Vitacura"/></concept><concept><code value="07408"/><display value="Yerbas Buenas"/></concept><concept><code value="08313"/><display value="Yumbel"/></concept><concept><code value="16109"/><display value="Yungay"/></concept><concept><code value="05405"/><display value="Zapallar"/></concept></CodeSystem>