<?xml version="1.0" encoding="UTF-8"?>

<Location xmlns="http://hl7.org/fhir">
  <id value="LocalizacionEjemploCL1"/>
  <meta>
    <profile value="http://core.hl7chile.cl/StructureDefinition/CoreLocalizacionCl"/>
  </meta>
  <text>
    <status value="generated"/><div xmlns="http://www.w3.org/1999/xhtml"><p><b>Generated Narrative</b></p><p><b>identifier</b>: id: 23144561</p><p><b>status</b>: active</p><p><b>name</b>: Gran Farmacia Gran</p><p><b>alias</b>: La gran</p><p><b>type</b>: <span title="Codes: {http://terminology.hl7.org/CodeSystem/v3-RoleCode PHARM}">Pharmacy</span></p><p><b>telecom</b>: ph: (+56) 234221678(WORK)</p><p><b>address</b>: Calle 10 Norte, 1240, Viña del Mar 05109 051 05 152 (WORK)</p><h3>Positions</h3><table class="grid"><tr><td>-</td><td><b>Longitude</b></td><td><b>Latitude</b></td></tr><tr><td>*</td><td>42.2565</td><td>-71.550261</td></tr></table><p><b>managingOrganization</b>: <a href="https://fhir.cens.cl/baseR4/Organization/ORG-000/">https://fhir.cens.cl/baseR4/Organization/ORG-000/</a></p><h3>HoursOfOperations</h3><table class="grid"><tr><td>-</td><td><b>DaysOfWeek</b></td><td><b>AllDay</b></td></tr><tr><td>*</td><td>fri</td><td>true</td></tr></table></div>
  </text>
  <identifier>
    <system value="http://miderfarm.cl/validador_id"/>
    <value value="23144561"/>
  </identifier>
  <status value="active"/>
  <name value="Gran Farmacia Gran"/>
  <alias value="La gran"/>
  <type>
    <coding>
      <system value="http://terminology.hl7.org/CodeSystem/v3-RoleCode"/>
      <code value="PHARM"/>
      <display value="Pharmacy"/>
    </coding>
  </type>
  <telecom>
    <system value="phone"/>
    <value value="(+56) 234221678"/>
    <use value="work"/>
  </telecom>
  <address>
    <use value="work"/>
    <line value="Calle 10 Norte, 1240, Vi&#xF1;a del Mar"/>
    <city value="05109"/>
    <state value="051"/>
    <postalCode value="05"/>
    <country value="152"/>
  </address>
  <position>
    <longitude value="42.2565"/>
    <latitude value="-71.550261"/>
  </position>
  <managingOrganization>
    <reference value="https://fhir.cens.cl/baseR4/Organization/ORG-000/"/>
  </managingOrganization>
  <hoursOfOperation>
    <daysOfWeek value="fri"/>
    <allDay value="true"/>
  </hoursOfOperation>
</Location>