<?xml version="1.0" encoding="UTF-8"?>

<Patient xmlns="http://hl7.org/fhir">
  <id value="PacienteCL2"/>
  <meta>
    <profile value="http://core.hl7chile.cl/StructureDefinition/CorePacienteCl"/>
  </meta>
  <text>
    <status value="extensions"/><div xmlns="http://www.w3.org/1999/xhtml"><p><b>Generated Narrative</b></p><p><b>Codigo de Identificación de países</b>: <span title="Codes: ">Salvadoreño</span></p><p><b>identifier</b>: Pasaporte: P3334521.2 (OFFICIAL)</p><p><b>active</b>: true</p><p><b>name</b>: Wilmer Andres de Dios Cabrales (OFFICIAL)</p><p><b>telecom</b>: <a href="mailto:wilCAB12l@wilmermail.com">wilCAB12l@wilmermail.com</a></p><p><b>gender</b>: male</p><p><b>birthDate</b>: 1968-11-03</p><p><b>address</b>: Calle 4 Norte, 52, pieza 802 15101 15 152 (TEMP)</p></div>
  </text>
  <extension url="http://core.hl7chile.cl/StructureDefinition/CodigoPaises">
    <valueCodeableConcept>
      <coding>
        <code value="222"/>
        <display value="Salvadore&#xF1;o"/>
      </coding>
    </valueCodeableConcept>
  </extension>
  <identifier>
    <use value="official"/>
    <type>
      <extension url="http://core.hl7chile.cl/StructureDefinition/CodigoPaises">
        <valueCodeableConcept>
          <coding>
            <code value="222"/>
            <display value="El Salvador"/>
          </coding>
        </valueCodeableConcept>
      </extension>
      <coding>
        <code value="PPN"/>
        <display value="Pasaporte"/>
      </coding>
    </type>
    <value value="P3334521.2"/>
  </identifier>
  <active value="true"/>
  <name>
    <use value="official"/>
    <family value="Cabrales">
      <extension url="http://hl7.org/fhir/StructureDefinition/humanname-mothers-family">
        <valueString value="Rivas"/>
      </extension>
    </family>
    <given value="Wilmer"/>
    <given value="Andres"/>
    <given value="de Dios"/>
  </name>
  <telecom>
    <system value="email"/>
    <value value="wilCAB12l@wilmermail.com"/>
    <use value="home"/>
  </telecom>
  <gender value="male"/>
  <birthDate value="1968-11-03"/>
  <address>
    <use value="temp"/>
    <line value="Calle 4 Norte, 52, pieza 802"/>
    <city value="15101"/>
    <district value="151"/>
    <state value="15"/>
    <country value="152"/>
  </address>
</Patient>