{"resourceType":"ImplementationGuide","id":"hl7.fhir.cl.CoreCH","text":{"status":"extensions","div":"<div xmlns=\"http://www.w3.org/1999/xhtml\"><h2>CoreCL</h2><p>The official URL for this implementation guide is: </p><pre>https://hl7chile.cl/fhir/ig/CoreCL/ImplementationGuide/hl7.fhir.cl.CoreCH</pre><div><p>Guía de Implementación para los perfiles Core que se van a requerir a nivel de desarrollo Nacional para Sistemas que Intercambien datos en estandar FHIR-R4</p>\n</div></div>"},"url":"https://hl7chile.cl/fhir/ig/CoreCL/ImplementationGuide/hl7.fhir.cl.CoreCH","version":"1.0.0","name":"CoreCL","title":"Guía de Implementación Core-CL FHIR R4 (Standard Trial For Use (STU))","status":"active","date":"2022-01","publisher":"HL7 Chile","contact":[{"name":"HL7 Chile","telecom":[{"system":"url","value":"http://hl7chile.cl"},{"system":"email","value":"chair@hl7chile.cl"}]}],"description":"Guía de Implementación para los perfiles Core que se van a requerir a nivel de desarrollo Nacional para Sistemas que Intercambien datos en estandar FHIR-R4","jurisdiction":[{"coding":[{"system":"urn:iso:std:iso:3166","code":"CL","display":"Chile"}]}],"copyright":"Usado con el permiso de HL7 International, todos los derechos resevados en los Licencias de HL7 Internacional.","packageId":"hl7.fhir.cl.CoreCH","license":"CC0-1.0","fhirVersion":["4.0.1"],"definition":{"extension":[{"extension":[{"url":"code","valueString":"copyrightyear"},{"url":"value","valueString":"2021+"}],"url":"http://hl7.org/fhir/tools/StructureDefinition/ig-parameter"},{"extension":[{"url":"code","valueString":"releaselabel"},{"url":"value","valueString":"CI Build"}],"url":"http://hl7.org/fhir/tools/StructureDefinition/ig-parameter"},{"extension":[{"url":"code","valueString":"apply-publisher"},{"url":"value","valueString":"true"}],"url":"http://hl7.org/fhir/tools/StructureDefinition/ig-parameter"},{"extension":[{"url":"code","valueString":"apply-contact"},{"url":"value","valueString":"true"}],"url":"http://hl7.org/fhir/tools/StructureDefinition/ig-parameter"},{"extension":[{"url":"code","valueString":"show-inherited-invariants"},{"url":"value","valueString":"false"}],"url":"http://hl7.org/fhir/tools/StructureDefinition/ig-parameter"},{"extension":[{"url":"code","valueString":"autoload-resources"},{"url":"value","valueString":"true"}],"url":"http://hl7.org/fhir/tools/StructureDefinition/ig-parameter"},{"extension":[{"url":"code","valueString":"path-liquid"},{"url":"value","valueString":"template/liquid"}],"url":"http://hl7.org/fhir/tools/StructureDefinition/ig-parameter"},{"extension":[{"url":"code","valueString":"path-liquid"},{"url":"value","valueString":"input/liquid"}],"url":"http://hl7.org/fhir/tools/StructureDefinition/ig-parameter"},{"extension":[{"url":"code","valueString":"path-qa"},{"url":"value","valueString":"temp/qa"}],"url":"http://hl7.org/fhir/tools/StructureDefinition/ig-parameter"},{"extension":[{"url":"code","valueString":"path-temp"},{"url":"value","valueString":"temp/pages"}],"url":"http://hl7.org/fhir/tools/StructureDefinition/ig-parameter"},{"extension":[{"url":"code","valueString":"path-output"},{"url":"value","valueString":"output"}],"url":"http://hl7.org/fhir/tools/StructureDefinition/ig-parameter"},{"extension":[{"url":"code","valueString":"path-suppressed-warnings"},{"url":"value","valueString":"input/ignoreWarnings.txt"}],"url":"http://hl7.org/fhir/tools/StructureDefinition/ig-parameter"},{"extension":[{"url":"code","valueString":"path-history"},{"url":"value","valueString":"https://hl7chile.cl/fhir/ig/CoreCL/history.html"}],"url":"http://hl7.org/fhir/tools/StructureDefinition/ig-parameter"},{"extension":[{"url":"code","valueString":"template-html"},{"url":"value","valueString":"template-page.html"}],"url":"http://hl7.org/fhir/tools/StructureDefinition/ig-parameter"},{"extension":[{"url":"code","valueString":"template-md"},{"url":"value","valueString":"template-page-md.html"}],"url":"http://hl7.org/fhir/tools/StructureDefinition/ig-parameter"},{"extension":[{"url":"code","valueString":"apply-context"},{"url":"value","valueString":"true"}],"url":"http://hl7.org/fhir/tools/StructureDefinition/ig-parameter"},{"extension":[{"url":"code","valueString":"apply-copyright"},{"url":"value","valueString":"true"}],"url":"http://hl7.org/fhir/tools/StructureDefinition/ig-parameter"},{"extension":[{"url":"code","valueString":"apply-jurisdiction"},{"url":"value","valueString":"true"}],"url":"http://hl7.org/fhir/tools/StructureDefinition/ig-parameter"},{"extension":[{"url":"code","valueString":"apply-license"},{"url":"value","valueString":"true"}],"url":"http://hl7.org/fhir/tools/StructureDefinition/ig-parameter"},{"extension":[{"url":"code","valueString":"apply-version"},{"url":"value","valueString":"true"}],"url":"http://hl7.org/fhir/tools/StructureDefinition/ig-parameter"},{"extension":[{"url":"code","valueString":"active-tables"},{"url":"value","valueString":"true"}],"url":"http://hl7.org/fhir/tools/StructureDefinition/ig-parameter"}],"grouping":[{"id":"-str-profile","name":"Structures: Resource Profiles","description":"These define constraints on FHIR resources for systems conforming to this implementation guide"},{"id":"-str-extension","name":"Structures: Extension Definitions","description":"These define constraints on FHIR data types for systems conforming to this implementation guide"},{"id":"-term-valueset","name":"Terminology: Value Sets","description":"These define sets of codes used by systems conforming to this implementation guide"},{"id":"-term-codesystem","name":"Terminology: Code Systems","description":"These define new code systems used by systems conforming to this implementation guide"},{"id":"-ex-example","name":"Example: Example Instances","description":"These are example instances that show what data produced and consumed by systems conforming with this implementation guide might look like"}],"resource":[{"extension":[{"url":"http://hl7.org/fhir/StructureDefinition/implementationguide-page","valueUri":"StructureDefinition-BundleCl.html"}],"reference":{"reference":"StructureDefinition/BundleCl"},"name":"BundleCL","description":"Este Perfil describe como debe ser el recurso Bundle que permite transportar una serie de recursos de PRescripción para  conformar una receta","exampleBoolean":false,"groupingId":"-str-profile"},{"extension":[{"url":"http://hl7.org/fhir/StructureDefinition/implementationguide-page","valueUri":"StructureDefinition-CoreEspecialidadCl.html"}],"reference":{"reference":"StructureDefinition/CoreEspecialidadCl"},"name":"Perfil utilizaco para asignar una o mas especialidades medicas a un prestador de salud.","description":"Este Perfil ha sido desarrollado para cubrir las necesidades del Caso de Uso de Receta Electrónica. Sin embargo, se ha modelado con el fin de cubrir las necesidades nacionales de un Recurso de Especialidad Médica para la denominación de Prescriptor en Chile","exampleBoolean":false,"groupingId":"-str-profile"},{"extension":[{"url":"http://hl7.org/fhir/StructureDefinition/implementationguide-page","valueUri":"StructureDefinition-CoreLocalizacionCl.html"}],"reference":{"reference":"StructureDefinition/CoreLocalizacionCl"},"name":"Perfil de Localización de Objetos e Infraestructura","description":"Este perfil determina la ubicación especifica para un evento, objeto o Infraestructura específica. Este perfil permite vinlcular la localización especifica con una organización o espacio físico específico","exampleBoolean":false,"groupingId":"-str-profile"},{"extension":[{"url":"http://hl7.org/fhir/StructureDefinition/implementationguide-page","valueUri":"StructureDefinition-CoreMedicamentoCl.html"}],"reference":{"reference":"StructureDefinition/CoreMedicamentoCl"},"name":"Medicamento Core Nacional","description":"Este Perfil ha sido desarrollado para cubrir las necesidades del Caso de Uso de Receta Electrónica desde la visión del TFC que se usará para poder manejar farmacos ya registrados, y que deberán ser consultados por los prestadores a la hora de prescribir algno.","exampleBoolean":false,"groupingId":"-str-profile"},{"extension":[{"url":"http://hl7.org/fhir/StructureDefinition/implementationguide-page","valueUri":"StructureDefinition-CoreOrganizacionCl.html"}],"reference":{"reference":"StructureDefinition/CoreOrganizacionCl"},"name":"Perfil de Organización de Salud en Chile","description":"Este Perfil ha sido desarrollado para cubrir las necesidades del Caso de Uso de Receta Electrónica. Sin embargo, se ha modelado para también cubrir las necesidades nacionales de un Recurso de Organzación en Salud","exampleBoolean":false,"groupingId":"-str-profile"},{"extension":[{"url":"http://hl7.org/fhir/StructureDefinition/implementationguide-page","valueUri":"StructureDefinition-CorePacienteCl.html"}],"reference":{"reference":"StructureDefinition/CorePacienteCl"},"name":"Perfil Paciente Para Core Nacional","description":"Este Perfil ha sido desarrollado para cubrir las necesidades del Caso de Uso de Receta Electrónica. Sin embargo, se ha modelado con el fin de cubrir las necesidades nacionales de un Recurso Paciente para un Historial Clínico Nacional","exampleBoolean":false,"groupingId":"-str-profile"},{"extension":[{"url":"http://hl7.org/fhir/StructureDefinition/implementationguide-page","valueUri":"StructureDefinition-CorePrestadorCl.html"}],"reference":{"reference":"StructureDefinition/CorePrestadorCl"},"name":"Prestador Core-CL","description":"Este Perfil fue creado para cubrir la descripción de un Prestador a nivel Nacional","exampleBoolean":false,"groupingId":"-str-profile"},{"extension":[{"url":"http://hl7.org/fhir/StructureDefinition/implementationguide-page","valueUri":"StructureDefinition-CodigoPaises.html"}],"reference":{"reference":"StructureDefinition/CodigoPaises"},"name":"Codigo de Identificación de países","description":"Esta extensión incluye códigos de paises de origen","exampleBoolean":false,"groupingId":"-str-extension"},{"extension":[{"url":"http://hl7.org/fhir/StructureDefinition/implementationguide-page","valueUri":"ValueSet-CodPais.html"}],"reference":{"reference":"ValueSet/CodPais"},"name":"Códigos de Países","description":"Codigos definidos para la identificación de países segun norma ISO3166-N","exampleBoolean":false,"groupingId":"-term-valueset"},{"extension":[{"url":"http://hl7.org/fhir/StructureDefinition/implementationguide-page","valueUri":"ValueSet-VSCodigosComunaCL.html"}],"reference":{"reference":"ValueSet/VSCodigosComunaCL"},"name":"Códigos de Comunas en Chile","description":"Códigos de Comunas para Chile según Códigos Únicos Territoriales Actualizados, por Decreto exento No 817 del Ministerio del Interior","exampleBoolean":false,"groupingId":"-term-valueset"},{"extension":[{"url":"http://hl7.org/fhir/StructureDefinition/implementationguide-page","valueUri":"ValueSet-VSCodigosProvinciasCL.html"}],"reference":{"reference":"ValueSet/VSCodigosProvinciasCL"},"name":"Códigos de Provincias en Chile","description":"Códigos de Provincias para Chile según Códigos Únicos Territoriales Actualizados, por Decreto exento No 817 del Ministerio del Interior","exampleBoolean":false,"groupingId":"-term-valueset"},{"extension":[{"url":"http://hl7.org/fhir/StructureDefinition/implementationguide-page","valueUri":"ValueSet-VSCodigosRegionesCL.html"}],"reference":{"reference":"ValueSet/VSCodigosRegionesCL"},"name":"Códigos de Regiones en Chile","description":"Códigos de Regiones para Chile según Códigos Únicos Territoriales Actualizados, por Decreto exento No 817 del Ministerio del Interior","exampleBoolean":false,"groupingId":"-term-valueset"},{"extension":[{"url":"http://hl7.org/fhir/StructureDefinition/implementationguide-page","valueUri":"ValueSet-VSEspecialidadesDeisCL.html"}],"reference":{"reference":"ValueSet/VSEspecialidadesDeisCL"},"name":"Códigos de Especialidades","description":"Códigos de especialidades médicas descritas según DEIS","exampleBoolean":false,"groupingId":"-term-valueset"},{"extension":[{"url":"http://hl7.org/fhir/StructureDefinition/implementationguide-page","valueUri":"ValueSet-VSTiposDocumentos.html"}],"reference":{"reference":"ValueSet/VSTiposDocumentos"},"name":"Tipos de Documentos","description":"Tipos de Documentos para identificación según tabla HL7 V3 y CodeSystem local.","exampleBoolean":false,"groupingId":"-term-valueset"},{"extension":[{"url":"http://hl7.org/fhir/StructureDefinition/implementationguide-page","valueUri":"CodeSystem-CSCodComunasCL.html"}],"reference":{"reference":"CodeSystem/CSCodComunasCL"},"name":"Códigos de Comunas en Chile","description":"Códigos de Comunas para Chile según Códigos Únicos Territoriales Actualizados, por Decreto exento No 817 del Ministerio del Interior","exampleBoolean":false,"groupingId":"-term-codesystem"},{"extension":[{"url":"http://hl7.org/fhir/StructureDefinition/implementationguide-page","valueUri":"CodeSystem-CSCodProvinciasCL.html"}],"reference":{"reference":"CodeSystem/CSCodProvinciasCL"},"name":"Códigos de Provincias en Chile","description":"Códigos de Provincias para Chile según Códigos Únicos Territoriales Actualizados, por Decreto exento No 817 del Ministerio del Interior","exampleBoolean":false,"groupingId":"-term-codesystem"},{"extension":[{"url":"http://hl7.org/fhir/StructureDefinition/implementationguide-page","valueUri":"CodeSystem-CSCodRegionCL.html"}],"reference":{"reference":"CodeSystem/CSCodRegionCL"},"name":"Códigos de Regiones en ChileEstos aún deben ser llevados a un ValueSet","description":"Códigos de Regiones para Chile según Códigos Únicos Territoriales Actualizados, por Decreto exento No 817 del Ministerio del Interior","exampleBoolean":false,"groupingId":"-term-codesystem"},{"extension":[{"url":"http://hl7.org/fhir/StructureDefinition/implementationguide-page","valueUri":"CodeSystem-CSCodigoDNI.html"}],"reference":{"reference":"CodeSystem/CSCodigoDNI"},"name":"Códigos de Documentos DNI para LATAM y el Caribe","description":"Códigos para los DNI de países de America Latina y el Caribe según indicaciones de VS HL7 de V3","exampleBoolean":false,"groupingId":"-term-codesystem"},{"extension":[{"url":"http://hl7.org/fhir/StructureDefinition/implementationguide-page","valueUri":"CodeSystem-CSEspecialidadesDeisCL.html"}],"reference":{"reference":"CodeSystem/CSEspecialidadesDeisCL"},"name":"Códigos de Especialidades","description":"Códigos de especialidades médicas descritas según DEIS","exampleBoolean":false,"groupingId":"-term-codesystem"},{"extension":[{"url":"http://hl7.org/fhir/StructureDefinition/implementationguide-page","valueUri":"Practitioner-3240.html"}],"reference":{"reference":"Practitioner/3240"},"name":"Ejemplo de Recurso Prestador como base para un Core Nacional","description":"Ejemplo de un Prestador no Real con identificadores en Systemas con API´s no disponibles","exampleCanonical":"https://hl7chile.cl/fhir/ig/CoreCL/StructureDefinition/CorePrestadorCl","groupingId":"-ex-example"},{"extension":[{"url":"http://hl7.org/fhir/StructureDefinition/implementationguide-page","valueUri":"Bundle-BundleEx.html"}],"reference":{"reference":"Bundle/BundleEx"},"name":"Ejemplo Simple de Bundle de Transacción","description":"Bundle de Transacción con un recurso Practitioner y un Recurso Organization","exampleCanonical":"https://hl7chile.cl/fhir/ig/CoreCL/StructureDefinition/BundleCl","groupingId":"-ex-example"},{"extension":[{"url":"http://hl7.org/fhir/StructureDefinition/implementationguide-page","valueUri":"PractitionerRole-EspecialidadCL.html"}],"reference":{"reference":"PractitionerRole/EspecialidadCL"},"name":"Ejemplo de Recurso de especialidad","description":"Define el Rol de un Médico durante la Operación de un paciente en Urgencia","exampleCanonical":"https://hl7chile.cl/fhir/ig/CoreCL/StructureDefinition/CoreEspecialidadCl","groupingId":"-ex-example"},{"extension":[{"url":"http://hl7.org/fhir/StructureDefinition/implementationguide-page","valueUri":"Location-LocalizacionEjemploCL1.html"}],"reference":{"reference":"Location/LocalizacionEjemploCL1"},"name":"Ejemplo Localización Farmacia","description":"Ejemplo de la localización relacionada con una Farmacia específica ubicada en la comuna de Viña del Mar","exampleCanonical":"https://hl7chile.cl/fhir/ig/CoreCL/StructureDefinition/CoreLocalizacionCl","groupingId":"-ex-example"},{"extension":[{"url":"http://hl7.org/fhir/StructureDefinition/implementationguide-page","valueUri":"Medication-MedicamentoCl.html"}],"reference":{"reference":"Medication/MedicamentoCl"},"name":"Ejemplo de comprimido Tareg - D 160","description":"Medicamento comprimido Tareg -D160 referemciado como medicamento en la TFC, considerando el de 25 comprimidos","exampleCanonical":"https://hl7chile.cl/fhir/ig/CoreCL/StructureDefinition/CoreMedicamentoCl","groupingId":"-ex-example"},{"extension":[{"url":"http://hl7.org/fhir/StructureDefinition/implementationguide-page","valueUri":"Medication-MedicamentoCl-2.html"}],"reference":{"reference":"Medication/MedicamentoCl-2"},"name":"Hidroclorotiazida 25 mg + Valsartán 160 mg comprimido","description":"Definición de Hidroclorotiazida 25 mg + Valsartán 160 mg comprimido Código de descripción = 1703591000167111 y de Cocepto = 696681000167108 según TFC","exampleCanonical":"https://hl7chile.cl/fhir/ig/CoreCL/StructureDefinition/CoreMedicamentoCl","groupingId":"-ex-example"},{"extension":[{"url":"http://hl7.org/fhir/StructureDefinition/implementationguide-page","valueUri":"Organization-ORG1.html"}],"reference":{"reference":"Organization/ORG1"},"name":"Ejemplo Organización Prestadora de Salud","description":"CESFAM Rio Bueno (Ficticio) con ID DEIS no real","exampleCanonical":"https://hl7chile.cl/fhir/ig/CoreCL/StructureDefinition/CoreOrganizacionCl","groupingId":"-ex-example"},{"extension":[{"url":"http://hl7.org/fhir/StructureDefinition/implementationguide-page","valueUri":"Patient-PacienteCL.html"}],"reference":{"reference":"Patient/PacienteCL"},"name":"Ejemplo de Recurso Paciente Nacional","description":"Paciente ficticio nacional CI Chilena, sin sistema de validación ´http://regcivil.cl/Validacion/RUN´ ficticio , cuyo nombre se decribe mediante el oficial y uno social. La dirección tampoco es Real","exampleCanonical":"https://hl7chile.cl/fhir/ig/CoreCL/StructureDefinition/CorePacienteCl","groupingId":"-ex-example"},{"extension":[{"url":"http://hl7.org/fhir/StructureDefinition/implementationguide-page","valueUri":"Patient-PacienteCL2.html"}],"reference":{"reference":"Patient/PacienteCL2"},"name":"Ejemplo de Recurso Paciente Extranjero","description":"Paciente ficticio extrangero, con identificación Pasaporte de origen Salvadoreño sin sistema real de validación del número de Pasaporte.","exampleCanonical":"https://hl7chile.cl/fhir/ig/CoreCL/StructureDefinition/CorePacienteCl","groupingId":"-ex-example"},{"extension":[{"url":"http://hl7.org/fhir/StructureDefinition/implementationguide-page","valueUri":"Patient-PacienteCl-3.html"}],"reference":{"reference":"Patient/PacienteCl-3"},"name":"Paciente Nacional, con datos actualizados, declarando nacionalidad","description":"Paciente ficticio nacional CI Chilena con sistema de validación no real, cuyo nombre es solo el oficial. La dirección tampoco es Real","exampleCanonical":"https://hl7chile.cl/fhir/ig/CoreCL/StructureDefinition/CorePacienteCl","groupingId":"-ex-example"}],"page":{"nameUrl":"toc.html","title":"Table of Contents","generation":"html","page":[{"nameUrl":"index.html","title":"Inicio","generation":"markdown"},{"nameUrl":"Alcances-Objetivos.html","title":"Objetivos","generation":"markdown"},{"nameUrl":"Aspectos-Generales.html","title":"Generalidades","generation":"markdown"},{"nameUrl":"Consolidado-Operaciones.html","title":"Operaciones Básicas","generation":"markdown"},{"nameUrl":"Extensiones.html","title":"Extensiones","generation":"markdown"},{"nameUrl":"Set-De-Validacion-ValueSets.html","title":"CodeSystems/ValueSets","generation":"markdown"},{"nameUrl":"Perfiles.html","title":"Perfiles","generation":"markdown"},{"nameUrl":"Set-Ejemplos.html","title":"Ejemplos","generation":"markdown"},{"nameUrl":"Todas-Descargas.html","title":"Descargas","generation":"markdown"},{"nameUrl":"artifacts.html","title":"Resumen de artefactos","generation":"html","page":[{"nameUrl":"StructureDefinition-BundleCl.html","title":"BundleCL","generation":"generated"},{"nameUrl":"StructureDefinition-CoreEspecialidadCl.html","title":"Perfil utilizaco para asignar una o mas especialidades medicas a un prestador de salud.","generation":"generated"},{"nameUrl":"StructureDefinition-CoreLocalizacionCl.html","title":"Perfil de Localización de Objetos e Infraestructura","generation":"generated"},{"nameUrl":"StructureDefinition-CoreMedicamentoCl.html","title":"Medicamento Core Nacional","generation":"generated"},{"nameUrl":"StructureDefinition-CoreOrganizacionCl.html","title":"Perfil de Organización de Salud en Chile","generation":"generated"},{"nameUrl":"StructureDefinition-CorePacienteCl.html","title":"Perfil Paciente Para Core Nacional","generation":"generated"},{"nameUrl":"StructureDefinition-CorePrestadorCl.html","title":"Prestador Core-CL","generation":"generated"},{"nameUrl":"StructureDefinition-CodigoPaises.html","title":"Codigo de Identificación de países","generation":"generated"},{"nameUrl":"ValueSet-CodPais.html","title":"Códigos de Países","generation":"generated"},{"nameUrl":"ValueSet-VSCodigosComunaCL.html","title":"Códigos de Comunas en Chile","generation":"generated"},{"nameUrl":"ValueSet-VSCodigosProvinciasCL.html","title":"Códigos de Provincias en Chile","generation":"generated"},{"nameUrl":"ValueSet-VSCodigosRegionesCL.html","title":"Códigos de Regiones en Chile","generation":"generated"},{"nameUrl":"ValueSet-VSEspecialidadesDeisCL.html","title":"Códigos de Especialidades","generation":"generated"},{"nameUrl":"ValueSet-VSTiposDocumentos.html","title":"Tipos de Documentos","generation":"generated"},{"nameUrl":"CodeSystem-CSCodComunasCL.html","title":"Códigos de Comunas en Chile","generation":"generated"},{"nameUrl":"CodeSystem-CSCodProvinciasCL.html","title":"Códigos de Provincias en Chile","generation":"generated"},{"nameUrl":"CodeSystem-CSCodRegionCL.html","title":"Códigos de Regiones en ChileEstos aún deben ser llevados a un ValueSet","generation":"generated"},{"nameUrl":"CodeSystem-CSCodigoDNI.html","title":"Códigos de Documentos DNI para LATAM y el Caribe","generation":"generated"},{"nameUrl":"CodeSystem-CSEspecialidadesDeisCL.html","title":"Códigos de Especialidades","generation":"generated"},{"nameUrl":"Practitioner-3240.html","title":"Ejemplo de Recurso Prestador como base para un Core Nacional","generation":"generated"},{"nameUrl":"Bundle-BundleEx.html","title":"Ejemplo Simple de Bundle de Transacción","generation":"generated"},{"nameUrl":"PractitionerRole-EspecialidadCL.html","title":"Ejemplo de Recurso de especialidad","generation":"generated"},{"nameUrl":"Location-LocalizacionEjemploCL1.html","title":"Ejemplo Localización Farmacia","generation":"generated"},{"nameUrl":"Medication-MedicamentoCl.html","title":"Ejemplo de comprimido Tareg - D 160","generation":"generated"},{"nameUrl":"Medication-MedicamentoCl-2.html","title":"Hidroclorotiazida 25 mg + Valsartán 160 mg comprimido","generation":"generated"},{"nameUrl":"Organization-ORG1.html","title":"Ejemplo Organización Prestadora de Salud","generation":"generated"},{"nameUrl":"Patient-PacienteCL.html","title":"Ejemplo de Recurso Paciente Nacional","generation":"generated"},{"nameUrl":"Patient-PacienteCL2.html","title":"Ejemplo de Recurso Paciente Extranjero","generation":"generated"},{"nameUrl":"Patient-PacienteCl-3.html","title":"Paciente Nacional, con datos actualizados, declarando nacionalidad","generation":"generated"}]}]},"parameter":[{"code":"path-resource","value":"input/capabilities"},{"code":"path-resource","value":"input/examples"},{"code":"path-resource","value":"input/extensions"},{"code":"path-resource","value":"input/models"},{"code":"path-resource","value":"input/operations"},{"code":"path-resource","value":"input/profiles"},{"code":"path-resource","value":"input/resources"},{"code":"path-resource","value":"input/vocabulary"},{"code":"path-resource","value":"input/maps"},{"code":"path-resource","value":"input/testing"},{"code":"path-resource","value":"input/history"},{"code":"path-resource","value":"fsh-generated/resources"},{"code":"path-pages","value":"template/config"},{"code":"path-pages","value":"input/images"},{"code":"path-tx-cache","value":"input-cache/txcache"}]}}