{
  "resourceType": "Patient",
  "id": "PacienteCl-3",
  "meta": {
    "versionId": "2",
    "lastUpdated": "2021-07-13T00:22:41.166Z",
    "profile": [
      "https://hl7chile.cl/fhir/ig/CoreCL/StructureDefinition/CorePacienteCl"
    ]
  },
  "text": {
    "status": "extensions",
    "div": "<div xmlns=\"http://www.w3.org/1999/xhtml\"><p><b>Generated Narrative</b></p><div style=\"display: inline-block; background-color: #d9e0e7; padding: 6px; margin: 4px; border: 1px solid #8da1b4; border-radius: 5px; line-height: 60%\"><p style=\"margin-bottom: 0px\">Resource \"PacienteCl-3\" Version \"2\" Updated \"2021-07-12T20:22:41.166-04:00\" </p><p style=\"margin-bottom: 0px\">Profile: <a href=\"StructureDefinition-CorePacienteCl.html\">Perfil Paciente Para Core Nacional</a></p></div><p><b>Codigo de Identificación de países</b>: Chile <span style=\"background: LightGoldenRodYellow; margin: 4px; border: 1px solid khaki\"> (unknown#152)</span></p><p><b>identifier</b>: Chile: 15602754-5 (OFFICIAL)</p><p><b>active</b>: true</p><p><b>name</b>: PABLO RODRIGO PIZARRO (OFFICIAL)</p><p><b>telecom</b>: <a href=\"mailto:ppizarro.delgado@minsal.cl\">ppizarro.delgado@minsal.cl</a></p><p><b>gender</b>: male</p><p><b>birthDate</b>: 1983-08-04</p><p><b>deceased</b>: false</p><p><b>address</b>: 13120 13 152 (HOME)</p></div>"
  },
  "extension": [
    {
      "url": "https://hl7chile.cl/fhir/ig/CoreCL/StructureDefinition/CodigoPaises",
      "valueCodeableConcept": {
        "coding": [
          {
            "system": "urn:iso:std:iso:3166",
            "code": "152",
            "display": "Chile"
          }
        ]
      }
    }
  ],
  "identifier": [
    {
      "use": "official",
      "type": {
        "extension": [
          {
            "url": "https://hl7chile.cl/fhir/ig/CoreCL/StructureDefinition/CodigoPaises",
            "valueCodeableConcept": {
              "coding": [
                {
                  "system": "urn:iso:std:iso:3166",
                  "code": "152",
                  "display": "Chile"
                }
              ]
            }
          }
        ],
        "coding": [
          {
            "system": "https://hl7chile.cl/fhir/ig/CoreCL/CodeSystem/CSCodigoDNI",
            "code": "NNCHL",
            "display": "Chile"
          }
        ]
      },
      "system": "http://regcivil.cl/Validacion/RUN",
      "value": "15602754-5"
    }
  ],
  "active": true,
  "name": [
    {
      "use": "official",
      "family": "PIZARRO",
      "_family": {
        "extension": [
          {
            "url": "http://hl7.org/fhir/StructureDefinition/humanname-mothers-family",
            "valueString": "DELGADO"
          }
        ]
      },
      "given": [
        "PABLO",
        "RODRIGO"
      ]
    }
  ],
  "telecom": [
    {
      "system": "email",
      "value": "ppizarro.delgado@minsal.cl",
      "use": "work"
    }
  ],
  "gender": "male",
  "birthDate": "1983-08-04",
  "deceasedBoolean": false,
  "address": [
    {
      "use": "home",
      "city": "13120",
      "district": "131",
      "state": "13",
      "country": "152"
    }
  ]
}