<?xml version="1.0" encoding="UTF-8"?>

<Provenance xmlns="http://hl7.org/fhir">
  <id value="EjemplValidacionProvCl"/>
  <meta>
    <profile value="https://hl7chile.cl/fhir/ig/CoreCL/StructureDefinition/ProvenanceCl"/>
  </meta>
  <text>
    <status value="generated"/><div xmlns="http://www.w3.org/1999/xhtml"><p><b>Generated Narrative</b></p><div style="display: inline-block; background-color: #d9e0e7; padding: 6px; margin: 4px; border: 1px solid #8da1b4; border-radius: 5px; line-height: 60%"><p style="margin-bottom: 0px">Resource "EjemplValidacionProvCl" </p><p style="margin-bottom: 0px">Profile: <a href="StructureDefinition-ProvenanceCl.html">Validación de la Procedencia de Recursos</a></p></div><p><b>target</b>: <a href="RequestGroup-RG12224.html">RequestGroup/RG12224</a></p><p><b>recorded</b>: Aug 26, 2015 7:39:24 PM</p><p><b>activity</b>: legally authenticated <span style="background: LightGoldenRodYellow; margin: 4px; border: 1px solid khaki"> (<a href="http://terminology.hl7.org/3.1.0/CodeSystem-v3-DocumentCompletion.html">DocumentCompletion</a>#LA)</span></p><p><b style="color: maroon">Exception generating Narrative: null</b></p></div>
  </text>
  <target>
    <reference value="RequestGroup/RG12224"/>
  </target>
  <recorded value="2015-08-27T08:39:24+10:00"/>
  <activity>
    <coding>
      <system value="http://terminology.hl7.org/CodeSystem/v3-DocumentCompletion"/>
      <code value="LA"/>
      <display value="legally authenticated"/>
    </coding>
  </activity>
  <agent>
    <type>
      <coding>
        <system value="http://terminology.hl7.org/CodeSystem/provenance-participant-type"/>
        <code value="author"/>
        <display value="author"/>
      </coding>
    </type>
    <who>
      <reference value="Practitioner/3240"/>
    </who>
  </agent>
  <signature>
    <type>
      <system value="urn:iso-astm:E1762-95:2013"/>
      <code value="1.2.840.10065.1.12.1.1"/>
    </type>
    <when value="2015-08-27T08:39:24+10:00"/>
    <who>
      <reference value="Practitioner/3240"/>
    </who>
    <sigFormat value="application/signature+xml"/>
    <data value="Li4u"/>
  </signature>
</Provenance>