{
  "resourceType": "CodeSystem",
  "id": "CSNombreCampana",
  "text": {
    "status": "generated",
    "div": "<div xmlns=\"http://www.w3.org/1999/xhtml\"><p>This code system https://hl7chile.cl/fhir/ig/CoreCL/CodeSystem/CSNombreCampana defines the following codes:</p><table class=\"codes\"><tr><td style=\"white-space:nowrap\"><b>Code</b></td><td><b>Display</b></td></tr><tr><td style=\"white-space:nowrap\">campanSARSCov_2_AstraZ<a name=\"CSNombreCampana-campanSARSCov_2_AstraZ\"> </a></td><td>Campaña SARS-CoV-2 (AstraZeneca)</td></tr><tr><td style=\"white-space:nowrap\">campanSARSCov_2_Cansino<a name=\"CSNombreCampana-campanSARSCov_2_Cansino\"> </a></td><td>Campaña SARS-CoV-2 (CanSino)</td></tr><tr><td style=\"white-space:nowrap\">campanSARSCov_2_Intern<a name=\"CSNombreCampana-campanSARSCov_2_Intern\"> </a></td><td>Campaña SARS-CoV-2 (Internacional)</td></tr><tr><td style=\"white-space:nowrap\">campanSARSCov_2_Janssen<a name=\"CSNombreCampana-campanSARSCov_2_Janssen\"> </a></td><td>Campaña SARS-CoV-2 (Janssen)</td></tr><tr><td style=\"white-space:nowrap\">campanSARSCov_2_Moderna<a name=\"CSNombreCampana-campanSARSCov_2_Moderna\"> </a></td><td>Campaña SARS-CoV-2 (Moderna)</td></tr><tr><td style=\"white-space:nowrap\">campanSARSCov_2_Pfizer<a name=\"CSNombreCampana-campanSARSCov_2_Pfizer\"> </a></td><td>Campaña SARS-CoV-2 (Pfizer)</td></tr><tr><td style=\"white-space:nowrap\">campanSARSCov_2_Sinovac<a name=\"CSNombreCampana-campanSARSCov_2_Sinovac\"> </a></td><td>Campaña SARS-CoV-2 (Sinovac)</td></tr><tr><td style=\"white-space:nowrap\">campanSRP20_40<a name=\"CSNombreCampana-campanSRP20_40\"> </a></td><td>Campaña SRP 20 - 24 años</td></tr><tr><td style=\"white-space:nowrap\">estratCapullo<a name=\"CSNombreCampana-estratCapullo\"> </a></td><td>Estrategia Capullo</td></tr><tr><td style=\"white-space:nowrap\">estratCapullo2013<a name=\"CSNombreCampana-estratCapullo2013\"> </a></td><td>Estrategia Capullo 2013</td></tr><tr><td style=\"white-space:nowrap\">estratMeningocócica<a name=\"CSNombreCampana-estratMeningoc.243cica\"> </a></td><td>Estrategia Meningocócica</td></tr><tr><td style=\"white-space:nowrap\">hepatiA<a name=\"CSNombreCampana-hepatiA\"> </a></td><td>Hepatitis A</td></tr><tr><td style=\"white-space:nowrap\">hepatiA2012<a name=\"CSNombreCampana-hepatiA2012\"> </a></td><td>Hepatitis A 2012</td></tr><tr><td style=\"white-space:nowrap\">hepatiApost_Terr<a name=\"CSNombreCampana-hepatiApost_Terr\"> </a></td><td>Hepatitis A post-terremoto</td></tr><tr><td style=\"white-space:nowrap\">hepatiAar_Tar_Bio<a name=\"CSNombreCampana-hepatiAar_Tar_Bio\"> </a></td><td>Hepatitis A, Arica-Tarapacá-Bíobío</td></tr><tr><td style=\"white-space:nowrap\">hepatiABrote_Conting<a name=\"CSNombreCampana-hepatiABrote_Conting\"> </a></td><td>Hepatitis A,Brote/Contingencia</td></tr><tr><td style=\"white-space:nowrap\">influenza2010<a name=\"CSNombreCampana-influenza2010\"> </a></td><td>Influenza 2010</td></tr><tr><td style=\"white-space:nowrap\">influenza2011<a name=\"CSNombreCampana-influenza2011\"> </a></td><td>Influenza 2011</td></tr><tr><td style=\"white-space:nowrap\">influenza2012<a name=\"CSNombreCampana-influenza2012\"> </a></td><td>Influenza 2012</td></tr><tr><td style=\"white-space:nowrap\">influenza2013<a name=\"CSNombreCampana-influenza2013\"> </a></td><td>Influenza 2013</td></tr><tr><td style=\"white-space:nowrap\">influenza2014<a name=\"CSNombreCampana-influenza2014\"> </a></td><td>Influenza 2014</td></tr><tr><td style=\"white-space:nowrap\">influenza2015<a name=\"CSNombreCampana-influenza2015\"> </a></td><td>Influenza 2015</td></tr><tr><td style=\"white-space:nowrap\">influenza2016<a name=\"CSNombreCampana-influenza2016\"> </a></td><td>Influenza 2016</td></tr><tr><td style=\"white-space:nowrap\">influenza2017<a name=\"CSNombreCampana-influenza2017\"> </a></td><td>Influenza 2017</td></tr><tr><td style=\"white-space:nowrap\">influenza2018<a name=\"CSNombreCampana-influenza2018\"> </a></td><td>Influenza 2018</td></tr><tr><td style=\"white-space:nowrap\">influenza2019<a name=\"CSNombreCampana-influenza2019\"> </a></td><td>Influenza 2019</td></tr><tr><td style=\"white-space:nowrap\">influenza2020<a name=\"CSNombreCampana-influenza2020\"> </a></td><td>Influenza 2020</td></tr><tr><td style=\"white-space:nowrap\">influenza2021<a name=\"CSNombreCampana-influenza2021\"> </a></td><td>Influenza 2021</td></tr><tr><td style=\"white-space:nowrap\">influenza2022<a name=\"CSNombreCampana-influenza2022\"> </a></td><td>Influenza 2022</td></tr><tr><td style=\"white-space:nowrap\">sarampRubeoPaperas<a name=\"CSNombreCampana-sarampRubeoPaperas\"> </a></td><td>Sarampión-Rubeóla-Paperas</td></tr><tr><td style=\"white-space:nowrap\">SRPCampanSeguim2015<a name=\"CSNombreCampana-SRPCampanSeguim2015\"> </a></td><td>SRP - Campaña de Seguimiento - 2015</td></tr><tr><td style=\"white-space:nowrap\">SRPFuncSaludyPuestosFronteriz<a name=\"CSNombreCampana-SRPFuncSaludyPuestosFronteriz\"> </a></td><td>SRP - Funcionarios de salud y Puestos Fronterizos</td></tr><tr><td style=\"white-space:nowrap\">SRPCampanSeguim2020<a name=\"CSNombreCampana-SRPCampanSeguim2020\"> </a></td><td>SRP- Campaña de seguimiento- 2020</td></tr><tr><td style=\"white-space:nowrap\">SRPdelViajero<a name=\"CSNombreCampana-SRPdelViajero\"> </a></td><td>SRP del viajero</td></tr><tr><td style=\"white-space:nowrap\">tosConvul_brote_conting<a name=\"CSNombreCampana-tosConvul_brote_conting\"> </a></td><td>Tos Convulsiva Brote-Contingencia</td></tr><tr><td style=\"white-space:nowrap\">vacunaFiebAmar<a name=\"CSNombreCampana-vacunaFiebAmar\"> </a></td><td>Vacuna Fiebre Amarilla</td></tr></table></div>"
  },
  "url": "https://hl7chile.cl/fhir/ig/CoreCL/CodeSystem/CSNombreCampana",
  "version": "1.7.0",
  "name": "CSNombreCampanaCL",
  "title": "Campañas Inmunización",
  "status": "active",
  "date": "2022-06-05T00:00:00-03:00",
  "publisher": "HL7 Chile",
  "contact": [
    {
      "name": "HL7 Chile",
      "telecom": [
        {
          "system": "url",
          "value": "http://hl7chile.cl"
        },
        {
          "system": "email",
          "value": "chair@hl7chile.cl"
        }
      ]
    }
  ],
  "description": "Códigos de las campañas de vacunas o inmunizaciones según indicaciones del Ministerio de Salud",
  "jurisdiction": [
    {
      "coding": [
        {
          "system": "urn:iso:std:iso:3166",
          "code": "CL",
          "display": "Chile"
        }
      ]
    }
  ],
  "copyright": "Usado con el permiso de HL7 International, todos los derechos resevados en los Licencias de HL7 Internacional.",
  "content": "complete",
  "count": 36,
  "concept": [
    {
      "code": "campanSARSCov_2_AstraZ",
      "display": "Campaña SARS-CoV-2 (AstraZeneca)"
    },
    {
      "code": "campanSARSCov_2_Cansino",
      "display": "Campaña SARS-CoV-2 (CanSino)"
    },
    {
      "code": "campanSARSCov_2_Intern",
      "display": "Campaña SARS-CoV-2 (Internacional)"
    },
    {
      "code": "campanSARSCov_2_Janssen",
      "display": "Campaña SARS-CoV-2 (Janssen)"
    },
    {
      "code": "campanSARSCov_2_Moderna",
      "display": "Campaña SARS-CoV-2 (Moderna)"
    },
    {
      "code": "campanSARSCov_2_Pfizer",
      "display": "Campaña SARS-CoV-2 (Pfizer)"
    },
    {
      "code": "campanSARSCov_2_Sinovac",
      "display": "Campaña SARS-CoV-2 (Sinovac)"
    },
    {
      "code": "campanSRP20_40",
      "display": "Campaña SRP 20 - 24 años"
    },
    {
      "code": "estratCapullo",
      "display": "Estrategia Capullo"
    },
    {
      "code": "estratCapullo2013",
      "display": "Estrategia Capullo 2013"
    },
    {
      "code": "estratMeningocócica",
      "display": "Estrategia Meningocócica"
    },
    {
      "code": "hepatiA",
      "display": "Hepatitis A"
    },
    {
      "code": "hepatiA2012",
      "display": "Hepatitis A 2012"
    },
    {
      "code": "hepatiApost_Terr",
      "display": "Hepatitis A post-terremoto"
    },
    {
      "code": "hepatiAar_Tar_Bio",
      "display": "Hepatitis A, Arica-Tarapacá-Bíobío"
    },
    {
      "code": "hepatiABrote_Conting",
      "display": "Hepatitis A,Brote/Contingencia"
    },
    {
      "code": "influenza2010",
      "display": "Influenza 2010"
    },
    {
      "code": "influenza2011",
      "display": "Influenza 2011"
    },
    {
      "code": "influenza2012",
      "display": "Influenza 2012"
    },
    {
      "code": "influenza2013",
      "display": "Influenza 2013"
    },
    {
      "code": "influenza2014",
      "display": "Influenza 2014"
    },
    {
      "code": "influenza2015",
      "display": "Influenza 2015"
    },
    {
      "code": "influenza2016",
      "display": "Influenza 2016"
    },
    {
      "code": "influenza2017",
      "display": "Influenza 2017"
    },
    {
      "code": "influenza2018",
      "display": "Influenza 2018"
    },
    {
      "code": "influenza2019",
      "display": "Influenza 2019"
    },
    {
      "code": "influenza2020",
      "display": "Influenza 2020"
    },
    {
      "code": "influenza2021",
      "display": "Influenza 2021"
    },
    {
      "code": "influenza2022",
      "display": "Influenza 2022"
    },
    {
      "code": "sarampRubeoPaperas",
      "display": "Sarampión-Rubeóla-Paperas"
    },
    {
      "code": "SRPCampanSeguim2015",
      "display": "SRP - Campaña de Seguimiento - 2015"
    },
    {
      "code": "SRPFuncSaludyPuestosFronteriz",
      "display": "SRP - Funcionarios de salud y Puestos Fronterizos"
    },
    {
      "code": "SRPCampanSeguim2020",
      "display": "SRP- Campaña de seguimiento- 2020"
    },
    {
      "code": "SRPdelViajero",
      "display": "SRP del viajero"
    },
    {
      "code": "tosConvul_brote_conting",
      "display": "Tos Convulsiva Brote-Contingencia"
    },
    {
      "code": "vacunaFiebAmar",
      "display": "Vacuna Fiebre Amarilla"
    }
  ]
}