<?xml version="1.0" encoding="UTF-8"?>

<Location xmlns="http://hl7.org/fhir">
  <id value="LocalizacionEjemploCL1"/>
  <meta>
    <profile value="https://hl7chile.cl/fhir/ig/CoreCL/StructureDefinition/CoreLocalizacionCl"/>
  </meta>
  <text>
    <status value="generated"/><div xmlns="http://www.w3.org/1999/xhtml"><p><b>Generated Narrative: Location</b></p><div style="display: inline-block; background-color: #d9e0e7; padding: 6px; margin: 4px; border: 1px solid #8da1b4; border-radius: 5px; line-height: 60%"><p style="margin-bottom: 0px">Resource Location "LocalizacionEjemploCL1" </p><p style="margin-bottom: 0px">Profile: <a href="StructureDefinition-CoreLocalizacionCl.html">CL Localización</a></p></div><p><b>identifier</b>: id: 23144561</p><p><b>status</b>: active</p><p><b>name</b>: Gran Farmacia Gran</p><p><b>alias</b>: La gran</p><p><b>type</b>: Pharmacy <span style="background: LightGoldenRodYellow; margin: 4px; border: 1px solid khaki"> (<a href="http://terminology.hl7.org/3.1.0/CodeSystem-v3-RoleCode.html">RoleCode</a>#PHARM)</span></p><p><b>telecom</b>: ph: (+56) 234221678(WORK)</p><p><b>address</b>: Calle 10 Norte, 1240, Viña del Mar 05109 05 152 </p><h3>Positions</h3><table class="grid"><tr><td>-</td><td><b>Longitude</b></td><td><b>Latitude</b></td></tr><tr><td>*</td><td>42.2565</td><td>-71.550261</td></tr></table><p><b>managingOrganization</b>: <a href="Organization-ORG1.html">Organization/ORG1</a> "Centro de Salud Familiar Rio Bueno de Linares"</p><h3>HoursOfOperations</h3><table class="grid"><tr><td>-</td><td><b>DaysOfWeek</b></td><td><b>AllDay</b></td><td><b>OpeningTime</b></td></tr><tr><td>*</td><td>sat</td><td>false</td><td>19:00:00</td></tr></table></div>
  </text>
  <identifier>
    <system value="http://miderfarm.cl/validador_id"/>
    <value value="23144561"/>
  </identifier>
  <status value="active"/>
  <name value="Gran Farmacia Gran"/>
  <alias value="La gran"/>
  <type>
    <coding>
      <system value="http://terminology.hl7.org/CodeSystem/v3-RoleCode"/>
      <code value="PHARM"/>
      <display value="Pharmacy"/>
    </coding>
  </type>
  <telecom>
    <system value="phone"/>
    <value value="(+56) 234221678"/>
    <use value="work"/>
  </telecom>
  <address>
    <line value="Calle 10 Norte, 1240, Viña del Mar"/>
    <city value="05109"/>
    <district value="051"/>
    <state value="05"/>
    <country value="152"/>
  </address>
  <position>
    <longitude value="42.2565"/>
    <latitude value="-71.550261"/>
  </position>
  <managingOrganization>
    <reference value="Organization/ORG1"/>
  </managingOrganization>
  <hoursOfOperation>
    <daysOfWeek value="sat"/>
    <allDay value="false"/>
    <openingTime value="19:00:00"/>
  </hoursOfOperation>
</Location>