<?xml version="1.0" encoding="UTF-8"?>

<Patient xmlns="http://hl7.org/fhir">
  <id value="PacienteCL"/>
  <meta>
    <profile value="https://hl7chile.cl/fhir/ig/CoreCL/StructureDefinition/CorePacienteCl"/>
  </meta>
  <text>
    <status value="generated"/><div xmlns="http://www.w3.org/1999/xhtml"><p><b>Xime </b> female, DoB: 1983-03-24 ( Chile: 15.236.327-k (OFFICIAL))</p></div>
  </text>
  <identifier>
    <use value="official"/>
    <type>
      <extension url="https://hl7chile.cl/fhir/ig/CoreCL/StructureDefinition/CodigoPaises">
        <valueCodeableConcept>
          <coding>
            <system value="urn:iso:std:iso:3166"/>
            <code value="152"/>
            <display value="Chile"/>
          </coding>
        </valueCodeableConcept>
      </extension>
      <coding>
        <system value="https://hl7chile.cl/fhir/ig/CoreCL/CodeSystem/CSCodigoDNI"/>
        <code value="NNCHL"/>
        <display value="Chile"/>
      </coding>
    </type>
    <system value="http://regcivil.cl/Validacion/RUN"/>
    <value value="15.236.327-k"/>
  </identifier>
  <active value="true"/>
  <name>
    <use value="official"/>
    <family value="Rosales">
      <extension url="http://hl7.org/fhir/StructureDefinition/humanname-mothers-family">
        <valueString value="Bosh"/>
      </extension>
    </family>
    <given value="Marietta"/>
    <given value="María"/>
    <given value="Ximena"/>
  </name>
  <name>
    <use value="usual"/>
    <given value="Xime"/>
  </name>
  <telecom>
    <system value="phone"/>
    <value value="943561833"/>
    <use value="mobile"/>
  </telecom>
  <telecom>
    <system value="email"/>
    <value value="mariRosal@mimail.com"/>
    <use value="work"/>
  </telecom>
  <gender value="female"/>
  <birthDate value="1983-03-24"/>
  <address>
    <use value="home"/>
    <line value="Av Los Chirimoyos, 32, casa 4"/>
    <city>
      <extension url="https://hl7chile.cl/fhir/ig/CoreCL/StructureDefinition/ComunasCl">
        <valueCodeableConcept>
          <coding>
            <system value="https://hl7chile.cl/fhir/ig/CoreCL/CodeSystem/CSCodComunasCL"/>
            <code value="05602"/>
            <display value="Algarrobo"/>
          </coding>
        </valueCodeableConcept>
      </extension>
    </city>
    <district>
      <extension url="https://hl7chile.cl/fhir/ig/CoreCL/StructureDefinition/ProvinciasCl">
        <valueCodeableConcept>
          <coding>
            <system value="https://hl7chile.cl/fhir/ig/CoreCL/CodeSystem/CSCodProvinciasCL"/>
            <code value="056"/>
            <display value="San Antonio"/>
          </coding>
        </valueCodeableConcept>
      </extension>
    </district>
    <state>
      <extension url="https://hl7chile.cl/fhir/ig/CoreCL/StructureDefinition/RegionesCl">
        <valueCodeableConcept>
          <coding>
            <system value="https://hl7chile.cl/fhir/ig/CoreCL/CodeSystem/CSCodRegionCL"/>
            <code value="05"/>
            <display value="Valparaíso"/>
          </coding>
        </valueCodeableConcept>
      </extension>
    </state>
    <country>
      <extension url="https://hl7chile.cl/fhir/ig/CoreCL/StructureDefinition/CodigoPaises">
        <valueCodeableConcept>
          <coding>
            <system value="urn:iso:std:iso:3166"/>
            <code value="CL"/>
            <display value="Chile"/>
          </coding>
        </valueCodeableConcept>
      </extension>
    </country>
  </address>
  <contact>
    <extension url="https://hl7chile.cl/fhir/ig/CoreCL/StructureDefinition/IdContacto">
      <extension url="tutId">
        <valueIdentifier>
          <type>
            <coding>
              <system value="https://hl7chile.cl/fhir/ig/CoreCL/CodeSystem/CSCodigoDNI"/>
              <code value="NNCHL"/>
              <display value="Chile"/>
            </coding>
          </type>
          <system value="http://regcivil.cl/Validacion/RUN"/>
          <value value="8987321-7"/>
        </valueIdentifier>
      </extension>
      <extension url="docProc">
        <valueCodeableConcept>
          <coding>
            <system value="urn:iso:std:iso:3166"/>
            <code value="152"/>
            <display value="Chile"/>
          </coding>
        </valueCodeableConcept>
      </extension>
    </extension>
    <relationship>
      <coding>
        <system value="http://terminology.hl7.org/CodeSystem/v2-0131"/>
        <code value="N"/>
        <display value="Next-of-Kin"/>
      </coding>
    </relationship>
    <name>
      <use value="official"/>
      <family value="Calleja">
        <extension url="http://hl7.org/fhir/StructureDefinition/humanname-mothers-family">
          <valueString value="Morales"/>
        </extension>
      </family>
      <given value="Juana"/>
      <given value="Josefa"/>
    </name>
  </contact>
  <communication>
    <language>
      <coding>
        <system value="https://hl7chile.cl/fhir/ig/CoreCL/CodeSystem/CSCodigoslenguaje"/>
        <code value="es-CL"/>
        <display value="Spanish"/>
      </coding>
    </language>
  </communication>
  <generalPractitioner>
    <reference value="Organization/ORG1"/>
    <display value="Hospital de la Vida"/>
  </generalPractitioner>
</Patient>